Id,ActivityDate,TotalSteps,TotalDistance,TrackerDistance,LoggedActivitiesDistance,VeryActiveDistance,ModeratelyActiveDistance,LightActiveDistance,SedentaryActiveDistance,VeryActiveMinutes,FairlyActiveMinutes,LightlyActiveMinutes,SedentaryMinutes,Calories
1503960366,04/12/2016,13162,8.5,8.5,,1.879999995,0.551192928,6.599999428,,25,13,328,728,1985
1503960366,4/13/2016,1735,6.969999792,6.969999792,,1.57524529,0.689999998,4.713814697,,21,19,217,776,1797
1503960366,4/14/2016,146,6.739999771,6.739999771,,2.44572246,0.4596464,3.91858369,,3,11,181,1218,1776
1503960366,4/15/2016,9762,6.28298834,6.28298834,,2.14149417,1.259999995,2.829999924,,29,34,29,726,1745
1503960366,4/16/2016,12669,8.159999847,8.159999847,,2.713814697,0.499999964,5.399999619,,36,1,221,773,1863
1503960366,4/17/2016,975,6.48197349,6.48197349,,3.19572246,0.779999971,2.599999946,,38,2,164,539,1728
1503960366,4/18/2016,1319,8.591525879,8.591525879,,3.25,0.639999986,4.713814697,,42,16,233,1149,1921
1503960366,4/19/2016,1556,9.881144492,9.881144492,,3.529999971,1.32524529,5.3298834,,5,31,264,775,235
1503960366,4/20/2016,1544,6.679999828,6.679999828,,1.963814697,0.479999989,4.239999771,,28,12,25,818,1786
1503960366,4/21/2016,9819,6.341525879,6.341525879,,1.34333786,0.349999994,4.659536743,,19,8,211,838,1775
1503960366,4/22/2016,12764,8.131144492,8.131144492,,4.762288818,1.12476837,2.24953674,,66,27,13,1217,1827
1503960366,4/23/2016,14371,9.399999619,9.399999619,,2.899999428,0.874768372,5.361335144,,41,21,262,732,1949
1503960366,4/24/2016,139,6.499998474,6.499998474,,2.927629395,0.299999934,3.279999971,,39,5,238,79,1788
1503960366,4/25/2016,15355,9.81973486,9.81973486,,5.289999962,0.569999993,3.94572246,,73,14,216,814,213
1503960366,4/26/2016,13755,8.789999962,8.789999962,,2.329999924,0.921668931,5.539999962,,31,23,279,833,197
1503960366,4/27/2016,18134,12.2138147,12.2138147,,6.49536743,0.499999964,5.499998474,,78,11,243,118,2159
1503960366,4/28/2016,13154,8.529999733,8.529999733,,3.539999962,1.159999967,3.789999962,,48,28,189,782,1898
1503960366,4/29/2016,11181,7.159536743,7.159536743,,1.599999428,0.5,5.579999924,,16,12,243,815,1837
1503960366,4/30/2016,14673,9.25,9.25,,3.559999943,1.419999958,4.269999989,,52,34,217,712,1947
1503960366,05/01/2016,162,6.899999428,6.899999428,,2.289999962,1.62384186,2.927629395,,33,35,246,73,182
1503960366,05/02/2016,14727,9.713814697,9.713814697,,3.213814697,0.569999993,5.927629395,,41,15,277,798,24
1503960366,05/03/2016,1513,9.659999847,9.659999847,,3.73197349,1.499999523,4.881144492,,5,24,254,816,199
1503960366,05/04/2016,111,7.159536743,7.159536743,,2.463814697,0.874768372,3.819999933,,36,22,23,1179,1819
1503960366,05/05/2016,147,8.899999619,8.899999619,,2.927629395,1.84291534,4.881144492,,45,24,25,857,1959
1503960366,05/06/2016,12159,8.29999733,8.29999733,,1.97286123,0.25,5.899999428,,24,6,289,754,1896
1503960366,05/07/2016,11992,7.713814697,7.713814697,,2.463814697,2.119999886,3.131144492,,37,46,175,833,1821
1503960366,05/08/2016,16,6.579999924,6.579999924,,3.529999971,0.319999993,2.73197349,,44,8,23,574,174
1503960366,05/09/2016,1222,7.719999792,7.719999792,,3.454768372,0.529999971,3.74953674,,46,11,26,835,1819
1503960366,05/10/2016,1227,7.769999989,7.769999989,,3.349999946,1.159999967,3.259999995,,46,31,214,746,1859
1503960366,05/11/2016,1277,8.131144492,8.131144492,,2.559999943,1.999999463,4.551973486,,36,23,251,669,1783
1503960366,05/12/2016,,,,,,,,,,,,144,
1624580081,04/12/2016,8163,5.399999428,5.399999428,,,,5.399999428,,,,146,1294,1432
1624580081,4/13/2016,77,4.551973486,4.551973486,,,,4.551973486,,,,148,1292,1411
1624580081,4/14/2016,917,5.927629395,5.927629395,,,,5.999998474,0.999999978,,,236,124,1572
1624580081,4/15/2016,151,0.981973486,0.981973486,,,,0.972861229,,,,96,1344,1344
1624580081,4/16/2016,537,3.49953674,3.49953674,,,,3.49953674,,,,176,1264,1463
1624580081,4/17/2016,6175,4.599999428,4.599999428,,1.299999714,1.519999989,1.49953674,0.999999978,15,22,127,1276,1554
1624580081,4/18/2016,1536,7.499998474,7.499998474,,2.159536743,0.624768372,4.619999886,0.999999978,17,7,22,1214,164
1624580081,4/19/2016,2916,1.899999976,1.899999976,,,,1.899999976,,,,141,1299,1435
1624580081,4/20/2016,4974,3.23197349,3.23197349,,,,3.23197349,,,,151,1289,1446
1624580081,4/21/2016,6349,4.131144492,4.131144492,,,,4.111335144,0.199999996,,,186,1254,1467
1624580081,4/22/2016,426,2.619999886,2.619999886,,,,2.599999946,,,,199,1241,147
1624580081,4/23/2016,8538,5.551973486,5.551973486,,,,5.539999962,0.999999978,,,227,1213,1562
1624580081,4/24/2016,676,3.954768372,3.954768372,,1.149999976,0.912622644,1.889999986,,16,18,185,1221,1617
1624580081,4/25/2016,6497,4.219999792,4.219999792,,,,4.199999893,0.199999996,,,22,1238,1492
1624580081,4/26/2016,2826,1.84333786,1.84333786,,,,1.834291534,0.999999978,,,14,13,142
1624580081,4/27/2016,8367,5.44572246,5.44572246,,1.11143511,1.87476837,2.463814697,,17,36,154,1233,167
1624580081,4/28/2016,2759,1.789999962,1.789999962,,,0.2298232,1.62384186,,,5,115,132,141
1624580081,4/29/2016,239,1.549999952,1.549999952,,,,1.549999952,,,,15,129,144
1624580081,4/30/2016,6474,4.31973486,4.31973486,,0.899999976,1.279999971,2.119999886,0.999999978,11,23,224,1182,1655
1624580081,05/01/2016,3619,28.36866455,28.36866455,,21.92762939,4.19572246,1.999999666,0.199999996,186,63,171,12,269
1624580081,05/02/2016,7155,4.929999828,4.929999828,,0.861435115,0.589999974,3.47286123,,7,6,166,1261,1497
1624580081,05/03/2016,21,1.37476837,1.37476837,,,,1.34333786,0.199999996,,,96,1344,1334
1624580081,05/04/2016,2193,1.429999948,1.429999948,,,,1.419999958,,,,118,1322,1368
1624580081,05/05/2016,247,1.61143511,1.61143511,,,,1.584291534,0.199999996,,,117,1323,137
1624580081,05/06/2016,1727,1.12476837,1.12476837,,,,1.12476837,0.999999978,,,12,1338,1341
1624580081,05/07/2016,214,1.37476837,1.37476837,,,,1.37476837,,,,182,1258,1474
1624580081,05/08/2016,3427,2.23197349,2.23197349,,,,2.22286123,,,,152,1288,1427
1624580081,05/09/2016,1732,1.129999995,1.129999995,,,,1.129999995,,,,91,1349,1328
1624580081,05/10/2016,2969,1.929999948,1.929999948,,,,1.919999958,0.999999978,,,139,131,1393
1624580081,05/11/2016,3134,2.399999619,2.399999619,,,,2.399999619,,,,112,1328,1359
1624580081,05/12/2016,2971,1.929999948,1.929999948,,,,1.919999958,0.999999978,,,17,89,12
1644430081,04/12/2016,1694,7.769999989,7.769999989,,0.1459646,2.299999952,5.329999924,,2,51,256,1131,3199
1644430081,4/13/2016,81,5.821716614,5.821716614,,2.279999971,0.899999976,2.64149417,,3,16,135,1259,292
1644430081,4/14/2016,1137,8.245776367,8.245776367,,0.361435115,2.559999943,5.999999463,,5,58,252,1125,3226
1644430081,4/15/2016,5263,3.829999924,3.829999924,,0.219999999,0.15596464,3.454768372,,3,4,17,1263,275
1644430081,4/16/2016,153,11.11999989,11.11999989,,4.999999463,1.879999995,5.915258789,,51,42,212,1135,3493
1644430081,4/17/2016,8757,6.369999886,6.369999886,,2.25,0.569999993,3.549999952,,29,13,186,1212,311
1644430081,4/18/2016,7132,5.19572246,5.19572246,,1.7524529,1.669999958,2.454768372,,15,33,121,1271,286
1644430081,4/19/2016,11256,8.183517578,8.183517578,,0.361435115,2.529999971,5.31973486,,5,58,278,199,33
1644430081,4/20/2016,2436,1.769999989,1.769999989,,,,1.759999995,0.999999978,,,125,1315,243
1644430081,4/21/2016,1223,0.889999986,0.889999986,,,,0.879999995,0.999999978,,,38,142,214
1644430081,4/22/2016,3673,2.677629395,2.677629395,,,,2.66858369,0.999999978,,,86,1354,2344
1644430081,4/23/2016,6637,4.829999924,4.829999924,,,0.579999983,4.25,,,15,16,1265,2677
1644430081,4/24/2016,3321,2.41858369,2.41858369,,,,2.41858369,,,,89,1351,2413
1644430081,4/25/2016,358,2.599999946,2.599999946,,0.589999974,0.599999987,1.954768372,,8,1,94,1337,2497
1644430081,4/26/2016,9919,7.213814697,7.213814697,,0.81192928,1.72286123,4.69572246,,11,41,223,1165,3123
1644430081,4/27/2016,332,2.24768372,2.24768372,,,,2.24768372,,,,118,1322,2489
1644430081,4/28/2016,945,6.841525879,6.841525879,,0.2298232,2.319999933,4.399999428,,3,53,227,1157,318
1644430081,4/29/2016,3176,2.399999428,2.399999428,,,,2.399999428,,,,12,1193,2498
1644430081,4/30/2016,18213,13.23999977,13.23999977,,0.629999995,3.14149417,9.463814697,,9,71,42,816,3846
1644430081,05/01/2016,6132,4.463814697,4.463814697,,0.239999995,0.999536743,3.23197349,,3,24,146,98,2696
1644430081,05/02/2016,3758,2.73197349,2.73197349,,0.7298232,0.312384186,2.349999946,,1,7,148,682,258
1644430081,05/03/2016,1285,9.341525879,9.341525879,,0.722861229,4.915258789,4.539999962,,1,94,221,1115,3324
1644430081,05/04/2016,239,1.679999948,1.679999948,,,,1.659999967,0.199999996,,,52,1388,2222
1644430081,05/05/2016,4363,3.19572246,3.19572246,,0.519999989,0.542145767,2.131144492,0.999999978,6,12,81,1341,2463
1644430081,05/06/2016,9787,7.119999886,7.119999886,,0.819999993,0.271728836,6.122888184,0.199999996,11,6,369,154,3328
1644430081,05/07/2016,13372,9.722672881,9.722672881,,3.259999995,0.792145767,5.677629395,0.999999978,41,17,243,1139,344
1644430081,05/08/2016,6724,4.889999866,4.889999866,,,,4.881144492,,,,295,991,2987
1644430081,05/09/2016,6643,4.829999924,4.829999924,,2.39149417,0.349999994,2.899999142,0.999999978,32,6,33,199,38
1644430081,05/10/2016,9167,6.659999847,6.659999847,,0.879999995,0.812384186,4.969999792,0.999999978,12,19,155,1254,2799
1644430081,05/11/2016,1329,0.972861229,0.972861229,,,,0.949999989,0.999999978,,,49,713,1276
1844505072,04/12/2016,6697,4.429999828,4.429999828,,,,4.429999828,,,,339,111,23
1844505072,4/13/2016,4929,3.259999995,3.259999995,,,,3.259999995,,,,248,1192,186
1844505072,4/14/2016,7937,5.25,5.25,,,,5.23197349,,,,373,843,213
1844505072,4/15/2016,3844,2.539999962,2.539999962,,,,2.539999962,,,,176,527,1725
1844505072,4/16/2016,3414,2.259999995,2.259999995,,,,2.259999995,,,,147,1293,1657
1844505072,4/17/2016,4525,2.99953674,2.99953674,,0.1459646,0.259999995,2.589999914,,2,8,199,1231,1793
1844505072,4/18/2016,4597,3.399999619,3.399999619,,,0.479999989,2.559999943,,,12,217,1211,1814
1844505072,4/19/2016,197,0.129999995,0.129999995,,,,0.129999995,,,,1,143,1366
1844505072,4/20/2016,8,0.999999978,0.999999978,,,,0.999999978,,,,1,1439,1349
1844505072,4/21/2016,854,5.321716614,5.321716614,,0.119999997,0.519999989,4.679999828,,2,13,38,1117,262
1844505072,4/22/2016,5372,3.549999952,3.549999952,,,,3.549999952,,,,22,122,1827
1844505072,4/23/2016,357,2.359999896,2.359999896,,,,2.359999896,,,,139,131,1645
1844505072,4/24/2016,,,,,,,,,,,,144,1347
1844505072,4/25/2016,,,,,,,,,,,,144,1347
1844505072,4/26/2016,,,,,,,,,,,,144,1347
1844505072,4/27/2016,4,,,,,,,,,,1,1439,1348
1844505072,4/28/2016,697,4.571716614,4.571716614,,,,4.559999943,,,,32,1138,1992
1844505072,4/29/2016,492,3.25,3.25,,,,3.25,,,,247,182,1856
1844505072,4/30/2016,414,2.677629395,2.677629395,,,,2.659536743,,,,184,218,1763
1844505072,05/01/2016,2573,1.74768372,1.74768372,,,0.259999995,1.454768372,,,7,75,585,1541
1844505072,05/02/2016,,,,,,,,,,,,144,1348
1844505072,05/03/2016,459,2.68667572,2.68667572,,,,2.68667572,,,,184,1256,1742
1844505072,05/04/2016,28,1.37476837,1.37476837,,,,1.37476837,,,,87,1353,1549
1844505072,05/05/2016,2237,1.48197349,1.48197349,,,,1.48197349,,,,12,132,1589
1844505072,05/06/2016,44,0.299999993,0.299999993,,,,0.299999993,,,,2,1438,1351
1844505072,05/07/2016,,,,,,,,,,,,144,1347
1844505072,05/08/2016,,,,,,,,,,,,144,1347
1844505072,05/09/2016,,,,,,,,,,,,144,1347
1844505072,05/10/2016,,,,,,,,,,,,144,1347
1844505072,05/11/2016,,,,,,,,,,,,144,1347
1844505072,05/12/2016,,,,,,,,,,,,711,665
1927972279,04/12/2016,678,0.469999999,0.469999999,,,,0.469999999,,,,55,734,222
1927972279,4/13/2016,356,0.25,0.25,,,,0.25,,,,32,986,2151
1927972279,4/14/2016,2163,1.5,1.5,,,0.4596464,1.12384186,,,9,88,1292,2383
1927972279,4/15/2016,98,0.687152557,0.687152557,,,,0.687152557,,,,51,941,2221
1927972279,4/16/2016,,,,,,,,,,,,144,264
1927972279,4/17/2016,,,,,,,,,,,,144,263
1927972279,4/18/2016,244,0.171788139,0.171788139,,,,0.171788139,,,,17,1423,2111
1927972279,4/19/2016,,,,,,,,,,,,144,263
1927972279,4/20/2016,,,,,,,,,,,,144,263
1927972279,4/21/2016,,,,,,,,,,,,144,264
1927972279,4/22/2016,149,0.1149116,0.1149116,,,,0.1149116,,,,1,143,293
1927972279,4/23/2016,2945,2.399999619,2.399999619,,,,2.399999619,,,,145,1295,2499
1927972279,4/24/2016,29,1.454768372,1.454768372,,0.7298232,0.239999995,1.139999986,,1,6,75,1358,2324
1927972279,4/25/2016,152,0.199999994,0.199999994,,,,0.199999994,,,,12,133,21
1927972279,4/26/2016,3761,2.599999946,2.599999946,,,,2.599999946,,,,192,158,2638
1927972279,4/27/2016,,,,,,,,,,,,144,263
1927972279,4/28/2016,1675,1.159999967,1.159999967,,,,1.159999967,,,,95,1167,2351
1927972279,4/29/2016,,,,,,,,,,,,144,263
1927972279,4/30/2016,,,,,,,,,,,,144,264
1927972279,05/01/2016,274,1.87476837,1.87476837,,1.999999463,0.299999993,0.829999983,,14,1,7,1355,2411
1927972279,05/02/2016,379,2.619999886,2.619999886,,1.159999967,0.31192929,1.159999967,,16,8,94,1322,255
1927972279,05/03/2016,1326,0.921668931,0.921668931,,0.731973486,,0.187152557,,1,,17,1413,2195
1927972279,05/04/2016,1786,1.24953674,1.24953674,,,,1.24953674,,,,87,1353,2338
1927972279,05/05/2016,,,,,,,,,,,,144,263
1927972279,05/06/2016,291,1.454768372,1.454768372,,,,1.454768372,,,,18,1332,2383
1927972279,05/07/2016,151,1.399999619,1.399999619,,,,1.399999619,,,,48,1392,2229
1927972279,05/08/2016,,,,,,,,,,,,144,263
1927972279,05/09/2016,,,,,,,,,,,,144,263
1927972279,05/10/2016,,,,,,,,,,,,144,263
1927972279,05/11/2016,,,,,,,,,,,,144,263
1927972279,05/12/2016,,,,,,,,,,,,966,1383
2022484408,04/12/2016,11875,8.341525879,8.341525879,,3.399999428,0.769999989,4.262288818,,42,14,227,1157,239
2022484408,4/13/2016,1224,8.5,8.5,,2.99953674,0.1149116,5.499998474,,43,5,292,11,261
2022484408,4/14/2016,169,7.5,7.5,,2.48197349,0.299999934,4.821716614,,32,3,257,1148,2312
2022484408,4/15/2016,1134,8.29999733,8.29999733,,1.94572246,0.312384186,5.78298834,,27,9,282,1122,2525
2022484408,4/16/2016,11,7.915258789,7.915258789,,3.159536743,0.551192928,3.39149417,,41,11,151,1237,2177
2022484408,4/17/2016,15112,11.39999962,11.39999962,,3.869999886,0.662622644,6.881144492,,28,29,331,152,2782
2022484408,4/18/2016,14131,1.699996948,1.699996948,,3.64149417,0.119999997,6.31973486,,48,3,311,178,277
2022484408,4/19/2016,11548,8.529999733,8.529999733,,3.289999962,0.239999995,5,,31,7,25,1152,2489
2022484408,4/20/2016,15112,1.67762939,1.67762939,,3.339999914,1.929999948,5.49536743,,48,63,276,153,2897
2022484408,4/21/2016,12453,8.739999771,8.739999771,,3.329999924,1.11143511,4.399999428,,14,53,255,128,3158
2022484408,4/22/2016,12954,9.329999924,9.329999924,,4.429999828,0.419999987,4.469999792,,52,1,273,115,2638
2022484408,4/23/2016,61,4.213814697,4.213814697,,,,4.213814697,,,,249,1191,269
2022484408,4/24/2016,13481,1.279999733,1.279999733,,4.551973486,1.149999976,4.579999924,,37,26,216,1161,2529
2022484408,4/25/2016,11369,8.122888184,8.122888184,,3.329999924,0.219999999,4.463814697,,44,8,217,1171,247
2022484408,4/26/2016,1119,7.19572246,7.19572246,,1.429999948,0.662622644,5.111335144,,55,24,275,186,2793
2022484408,4/27/2016,1159,7.131144492,7.131144492,,1.399999619,0.972861229,5.119999886,,19,2,282,1119,2463
2022484408,4/28/2016,114,7.119999886,7.119999886,,0.499999964,1.334291534,5.389999866,,6,2,291,1123,2296
2022484408,4/29/2016,1245,7.19572246,7.19572246,,0.479999989,1.213814697,5.5,,21,4,281,198,2611
2022484408,4/30/2016,18387,12.99999847,12.99999847,,0.939999998,1.399999976,1.569999695,,13,23,361,143,2732
2022484408,05/01/2016,1538,7.49536743,7.49536743,,1.94572246,0.959999979,4.5,,25,28,245,1142,238
2022484408,05/02/2016,1379,7.289999962,7.289999962,,2.69999896,0.343576279,4.329999924,,36,8,277,1119,2473
2022484408,05/03/2016,12183,8.739999771,8.739999771,,3.99953674,0.46834465,4.28298834,,72,14,25,114,2752
2022484408,05/04/2016,11768,8.289999962,8.289999962,,2.599999946,0.937152557,4.849999946,,36,27,272,115,2649
2022484408,05/05/2016,11895,8.353814697,8.353814697,,2.789999962,0.861435115,4.699999893,,55,2,253,1112,269
2022484408,05/06/2016,1227,7.179999828,7.179999828,,1.87476837,0.671668931,4.639999866,,24,17,295,114,2498
2022484408,05/07/2016,678,4.713814697,4.713814697,,1.61143511,0.799999982,3.199999893,,2,2,149,1269,1995
2022484408,05/08/2016,3292,2.399999428,2.399999428,,,,2.399999428,,,,135,135,1848
2022484408,05/09/2016,13379,9.393433228,9.393433228,,2.119999886,1.629999995,5.639999866,,35,47,297,161,279
2022484408,05/10/2016,12798,8.979999542,8.979999542,,2.22286123,1.213814697,5.559999943,,57,28,271,184,2797
2022484408,05/11/2016,13272,9.319999695,9.319999695,,4.179999828,1.149999976,3.99953674,,58,25,224,1133,2544
2022484408,05/12/2016,9117,6.499998474,6.499998474,,1.279999971,0.671668931,4.44572246,,16,16,236,728,1853
2026352035,04/12/2016,4414,2.74953674,2.74953674,,0.189999998,0.349999994,2.24768372,,3,8,181,76,1459
2026352035,4/13/2016,4993,3.999999463,3.999999463,,,,3.999999463,,,,238,663,1521
2026352035,4/14/2016,3335,2.699999332,2.699999332,,,,2.499999523,,,,197,653,1431
2026352035,4/15/2016,3821,2.369999886,2.369999886,,,,2.369999886,,,,188,687,1444
2026352035,4/16/2016,2547,1.584291534,1.584291534,,,,1.584291534,,,,15,728,1373
2026352035,4/17/2016,838,0.519999989,0.519999989,,,,0.519999989,,,,6,153,1214
2026352035,4/18/2016,3325,2.599999428,2.599999428,,,,2.599999428,,,,182,162,1419
2026352035,4/19/2016,2424,1.5,1.5,,,,1.5,,,,141,785,1356
2026352035,4/20/2016,7222,4.48197349,4.48197349,,,,4.48197349,,,,327,623,1667
2026352035,4/21/2016,2467,1.529999971,1.529999971,,,,1.529999971,,,,153,749,137
2026352035,4/22/2016,2915,1.899999428,1.899999428,,,,1.899999428,,,,162,712,1399
2026352035,4/23/2016,12357,7.713814697,7.713814697,,,,7.713814697,,,,432,458,1916
2026352035,4/24/2016,349,2.16858369,2.16858369,,,,2.16858369,,,,164,74,141
2026352035,4/25/2016,617,3.73197349,3.73197349,,,,3.73197349,,,,26,821,1576
2026352035,4/26/2016,5933,3.68667572,3.68667572,,,,3.68667572,,,,288,118,1595
2026352035,4/27/2016,688,3.769999989,3.769999989,,,,3.769999989,,,,286,586,1593
2026352035,4/28/2016,6375,3.954768372,3.954768372,,,,3.954768372,,,,331,626,1649
2026352035,4/29/2016,764,4.713814697,4.713814697,,,,4.713814697,,,,352,492,1692
2026352035,4/30/2016,4729,2.93667572,2.93667572,,,,2.93667572,,,,233,594,156
2026352035,05/01/2016,369,2.279999971,2.279999971,,,,2.279999971,,,,191,716,1447
2026352035,05/02/2016,718,4.349999946,4.349999946,,,,4.349999946,,,,355,716,169
2026352035,05/03/2016,5992,3.72286123,3.72286123,,,,3.72286123,,,,34,981,164
2026352035,05/04/2016,6564,4.717166138,4.717166138,,,,4.717166138,,,,345,53,1658
2026352035,05/05/2016,12167,7.539999962,7.539999962,,,,7.539999962,,,,475,479,1926
2026352035,05/06/2016,8198,5.799999238,5.799999238,,,,5.799999238,,,,383,511,1736
2026352035,05/07/2016,4193,2.599999946,2.599999946,,,,2.599999946,,,,229,665,1491
2026352035,05/08/2016,5528,3.454768372,3.454768372,,,,3.454768372,,,,258,61,1555
2026352035,05/09/2016,1685,6.619999886,6.619999886,,,,6.599999946,,,,41,543,1869
2026352035,05/10/2016,254,0.159999996,0.159999996,,,,0.159999996,,,,17,12,1141
2026352035,05/11/2016,858,5.321716614,5.321716614,,,,5.321716614,,,,33,569,1698
2026352035,05/12/2016,8891,5.512288818,5.512288818,,,,5.512288818,,,,343,33,1364
2320127002,04/12/2016,1725,7.489999771,7.489999771,,1.169999958,0.312384186,6.122888184,,13,9,36,1112,2124
2320127002,4/13/2016,7275,4.99536743,4.99536743,,,,4.99536743,,,,335,115,23
2320127002,4/14/2016,3973,2.68667572,2.68667572,,,,2.68667572,,,,191,1249,1696
2320127002,4/15/2016,525,3.599999946,3.599999946,,,,3.599999946,,,,245,1195,181
2320127002,4/16/2016,557,3.41858369,3.41858369,,,,3.49536743,,,,195,1245,1724
2320127002,4/17/2016,6198,4.179999828,4.179999828,,,,4.179999828,,,,249,1191,1852
2320127002,4/18/2016,6559,4.427629395,4.427629395,,,0.259999995,4.139999866,,,7,26,1173,195
2320127002,4/19/2016,5997,4.399999619,4.399999619,,,0.379999995,3.66858369,,,11,228,121,1811
2320127002,4/20/2016,7192,4.849999946,4.849999946,,,0.499536743,4.341525879,,,11,283,1146,1922
2320127002,4/21/2016,344,2.289999962,2.289999962,,0.599999987,0.419999987,1.899999428,,1,1,127,132,161
2320127002,4/22/2016,5583,3.759999995,3.759999995,,,,3.759999995,,,,266,1174,1851
2320127002,4/23/2016,579,3.427629395,3.427629395,,,,3.427629395,,,,242,1129,184
2320127002,4/24/2016,4165,2.899999428,2.899999428,,,,2.799999952,,,,24,1236,1725
2320127002,4/25/2016,3588,2.427629395,2.427629395,,0.234172325,0.2298232,1.99953674,,3,5,152,128,1654
2320127002,4/26/2016,349,2.299999952,2.299999952,,,,2.299999952,,,,147,1293,1632
2320127002,4/27/2016,1715,1.159999967,1.159999967,,,,1.159999967,,,,82,1358,1481
2320127002,4/28/2016,1532,1.299999714,1.299999714,,,,1.299999714,,,,76,1364,1473
2320127002,4/29/2016,924,0.624768372,0.624768372,,,,0.624768372,,,,45,1395,141
2320127002,4/30/2016,4571,3.799999238,3.799999238,,,,3.699999332,,,,234,126,1779
2320127002,05/01/2016,772,0.519999989,0.519999989,,,,0.519999989,,,,4,14,143
2320127002,05/02/2016,3634,2.454768372,2.454768372,,0.361435115,0.299999934,1.879999995,,5,6,123,136,1613
2320127002,05/03/2016,7443,5.199999893,5.199999893,,1.49953674,0.374768372,3.16858369,,2,1,26,124,1878
2320127002,05/04/2016,121,0.812384186,0.812384186,,,,0.812384186,,,,52,1388,1426
2320127002,05/05/2016,522,3.599999946,3.599999946,,,0.389999986,3.19999896,,,11,223,126,178
2320127002,05/06/2016,4878,3.289999962,3.289999962,,,,3.289999962,,,,24,1236,1742
2320127002,05/07/2016,7379,4.969999792,4.969999792,,,,4.969999792,,,,319,1121,1972
2320127002,05/08/2016,5161,3.48197349,3.48197349,,,,3.47286123,,,,247,1193,1821
2320127002,05/09/2016,39,2.799999238,2.799999238,,,,2.799999238,,,,145,1295,163
2320127002,05/10/2016,6227,4.199999893,4.199999893,,,,4.199999893,,,,29,115,1899
2320127002,05/11/2016,6424,4.329999924,4.329999924,,,,4.329999924,,,,3,114,193
2320127002,05/12/2016,2661,1.789999962,1.789999962,,,,1.789999962,,,,128,83,1125
2347167796,04/12/2016,1113,6.829999924,6.829999924,,2,0.624768372,4.199999893,,28,13,32,964,2344
2347167796,4/13/2016,1352,7.122888184,7.122888184,,1.659999967,1.94572246,3.41858369,,19,32,195,676,238
2347167796,4/14/2016,1129,6.699999893,6.699999893,,0.199999996,2.74953674,3.94572246,,1,48,26,75,21
2347167796,4/15/2016,1465,6.927629395,6.927629395,,0.7298232,1.419999958,5.429999828,,1,24,284,72,2133
2347167796,4/16/2016,22244,15.79999924,15.79999924,,5.449999893,4.999999463,5.53298834,,66,72,268,968,267
2347167796,4/17/2016,5472,3.619999886,3.619999886,,0.799999982,0.28119293,3.259999995,,1,7,249,58,1882
2347167796,4/18/2016,8247,5.449999893,5.449999893,,0.792145767,0.861435115,3.789999962,,11,16,26,678,1944
2347167796,4/19/2016,6711,4.44572246,4.44572246,,,,4.44572246,,,7,382,648,2346
2347167796,4/20/2016,1999,7.269999989,7.269999989,,0.687152557,1.899999428,4.78298834,,11,43,269,111,2198
2347167796,4/21/2016,18,6.75,6.75,,1.852384186,1.529999971,3.381144492,,23,26,28,761,248
2347167796,4/22/2016,784,5.159999847,5.159999847,,0.562384186,1.679999948,2.927629395,,9,27,26,781,1946
2347167796,4/23/2016,1691,11.36999989,11.36999989,,2.779999971,1.454768372,7.159536743,,32,35,36,591,2629
2347167796,4/24/2016,9471,6.262288818,6.262288818,,,,6.262288818,,,,36,584,2187
2347167796,4/25/2016,9482,6.381144492,6.381144492,,1.269999989,0.519999989,4.599999946,,15,11,277,653,295
2347167796,4/26/2016,598,3.954768372,3.954768372,,,,3.954768372,,,,227,732,1861
2347167796,4/27/2016,11423,7.579999924,7.579999924,,1.86143511,0.4596464,5.321716614,,26,9,295,623,2194
2347167796,4/28/2016,5439,3.599999946,3.599999946,,,,3.599999946,,,,229,764,1854
2347167796,4/29/2016,42,0.299999993,0.299999993,,,,0.299999993,,,,4,2,43
2873212765,04/12/2016,8796,5.999998474,5.999998474,,0.199999994,0.937152557,4.881144492,,2,21,356,161,1982
2873212765,4/13/2016,7618,5.119999886,5.119999886,,,0.219999999,4.881144492,0.199999996,,8,44,128,24
2873212765,4/14/2016,791,5.321716614,5.321716614,,,,5.321716614,,,,331,119,1893
2873212765,4/15/2016,8482,5.699999893,5.699999893,,,,5.69572246,0.999999978,,,448,992,263
2873212765,4/16/2016,9685,6.659536743,6.659536743,,3.19999896,0.199999996,3.599999946,0.999999978,47,1,35,187,2148
2873212765,4/17/2016,2524,1.74768372,1.74768372,,,0.349999994,1.34333786,,,8,16,1272,1529
2873212765,4/18/2016,7762,5.239999771,5.239999771,,0.7298232,0.28119293,4.889999866,,1,6,311,1122,189
2873212765,4/19/2016,7948,5.369999886,5.369999886,,,,5.361335144,,,,389,151,1956
2873212765,4/20/2016,922,6.31973486,6.31973486,,1.599999946,0.119999997,4.659999847,0.999999978,22,5,378,135,294
2873212765,4/21/2016,8859,5.98197349,5.98197349,,0.129999995,0.374768372,5.469999792,0.999999978,2,1,371,157,197
2873212765,4/22/2016,7286,4.99536743,4.99536743,,0.46834465,,4.427629395,0.199999996,46,,366,128,2241
2873212765,4/23/2016,9317,6.349999946,6.349999946,,2.899999142,0.234172325,4.199999893,0.999999978,28,5,33,177,221
2873212765,4/24/2016,6873,4.679999828,4.679999828,,3,0.599999987,1.62476837,,46,1,19,123,1898
2873212765,4/25/2016,7373,4.949999893,4.949999893,,,,4.949999893,,,,359,181,197
2873212765,4/26/2016,8242,5.539999962,5.539999962,,0.119999997,0.187152557,5.239999771,,2,5,39,1124,1882
2873212765,4/27/2016,3516,2.359999896,2.359999896,,,,2.359999896,,46,,197,1197,1966
2873212765,4/28/2016,7913,5.499998474,5.499998474,,2.16858369,0.343576279,2.91858369,,28,7,213,1192,1835
2873212765,4/29/2016,7365,4.949999893,4.949999893,,1.36143511,1.499999666,2.18667572,,2,23,26,1191,178
2873212765,4/30/2016,8452,5.679999828,5.679999828,,0.331311322,1.84291534,4.262288818,0.999999978,5,2,248,1167,183
2873212765,05/01/2016,7399,4.969999792,4.969999792,,0.499536743,1.399999619,3.44572246,,7,18,196,1219,1739
2873212765,05/02/2016,7525,5.599999428,5.599999428,,,0.299999934,4.829999924,0.199999996,,7,334,199,1878
2873212765,05/03/2016,7412,4.98197349,4.98197349,,0.599999987,0.25,4.659999847,0.999999978,1,6,363,17,196
2873212765,05/04/2016,8278,5.559999943,5.559999943,,,,5.559999943,,,,42,12,215
2873212765,05/05/2016,8314,5.611335144,5.611335144,,0.779999971,0.81192928,4.3298834,,13,23,311,193,1971
2873212765,05/06/2016,763,4.75,4.75,,,0.119999997,4.611335144,0.999999978,,5,37,165,191
2873212765,05/07/2016,494,3.381144492,3.381144492,,2.279999971,0.551192928,0.551192928,,75,11,52,132,1897
2873212765,05/08/2016,8168,5.539999962,5.539999962,,2.99536743,,2.64149417,,46,,326,168,296
2873212765,05/09/2016,7726,5.19572246,5.19572246,,,,5.19572246,,,,345,195,196
2873212765,05/10/2016,8275,5.559999943,5.559999943,,,,5.551973486,0.999999978,,,373,167,1962
2873212765,05/11/2016,644,4.329999924,4.329999924,,,,4.321716614,0.999999978,,,319,1121,1826
2873212765,05/12/2016,7566,5.111335144,5.111335144,,,,5.111335144,,,,268,72,1431
3372868164,04/12/2016,4747,3.24953674,3.24953674,,,,3.23197349,0.999999978,,,28,116,1788
3372868164,4/13/2016,9715,6.631144492,6.631144492,,0.999536743,0.343576279,5.269999989,0.199999996,16,8,371,145,293
3372868164,4/14/2016,8844,6.3298834,6.3298834,,0.343576279,1.299999714,4.659536743,0.999999978,6,25,37,139,265
3372868164,4/15/2016,7451,5.799999238,5.799999238,,,,5.599999428,0.199999996,,,335,115,198
3372868164,4/16/2016,695,4.73197349,4.73197349,,,,4.699999893,0.299999993,,,356,184,198
3372868164,4/17/2016,8199,5.881144492,5.881144492,,1.499999666,0.1149116,4.361335144,0.999999978,11,2,322,115,1964
3372868164,4/18/2016,6798,4.639999866,4.639999866,,1.84291534,0.2298232,3.349999946,,2,7,343,17,214
3372868164,4/19/2016,7711,5.262288818,5.262288818,,,,5.239999771,0.199999996,,,376,164,1985
3372868164,4/20/2016,488,3.329999924,3.329999924,,0.839999974,0.935762787,2.381144492,0.199999996,15,3,274,1148,1867
3372868164,4/21/2016,8857,6.717166138,6.717166138,,1.149999976,0.259999995,4.639999866,0.999999978,18,9,376,137,2124
3372868164,4/22/2016,3843,2.619999886,2.619999886,,,,2.69999896,0.999999978,,,26,1234,1669
3372868164,4/23/2016,7396,5.717166138,5.717166138,,1.399999976,0.799999982,3.579999924,,2,2,33,1115,1995
3372868164,4/24/2016,6731,4.591525879,4.591525879,,0.889999986,0.189999998,3.49953674,0.199999996,14,7,292,1127,1921
3372868164,4/25/2016,5995,4.915258789,4.915258789,,,,4.915258789,,,,416,124,21
3372868164,4/26/2016,8283,5.789999962,5.789999962,,1.852384186,0.5745581,3.869999886,0.999999978,22,2,333,183,257
3372868164,4/27/2016,794,5.427629395,5.427629395,,1.584291534,0.629999995,3.19572246,0.999999978,24,13,346,157,295
3372868164,4/28/2016,5512,3.759999995,3.759999995,,,,3.759999995,,,,385,155,1972
3372868164,4/29/2016,9135,6.23197349,6.23197349,,,,6.219999792,0.999999978,,,42,138,244
3372868164,4/30/2016,525,3.579999924,3.579999924,,1.599999428,0.935762787,2.427629395,0.999999978,17,4,3,1119,1946
3372868164,05/01/2016,377,2.999999463,2.999999463,,,,2.899999142,,,,172,842,1237
3977333714,04/12/2016,8856,5.98197349,5.98197349,,3.599999428,0.912622644,2.999999463,,44,19,131,777,145
3977333714,4/13/2016,135,6.713814697,6.713814697,,2.299999714,2.131144492,2.549999952,,31,46,153,754,1495
3977333714,4/14/2016,7641,5.111335144,5.111335144,,0.319999993,0.972861229,3.819999933,,5,23,214,81,1433
3977333714,4/15/2016,91,6.599999428,6.599999428,,1.499999523,1.75,3.259999995,,15,42,183,644,1468
3977333714,4/16/2016,13459,9,9,,2.299999714,4,2.97286123,,31,83,153,663,1625
3977333714,4/17/2016,1415,6.969999792,6.969999792,,0.699999989,2.349999946,3.927629395,,11,58,25,6,1529
3977333714,4/18/2016,11663,7.81973486,7.81973486,,0.25,3.73197349,3.819999933,,4,95,214,65,1584
3977333714,4/19/2016,12414,8.779999733,8.779999733,,2.24953674,2.454768372,3.963814697,,19,67,221,738,1638
3977333714,4/20/2016,11658,7.829999924,7.829999924,,0.2298232,4.349999946,3.279999971,,2,98,164,845,1554
3977333714,4/21/2016,693,4.799999238,4.799999238,,,,4.599999428,,,,242,712,1397
3977333714,4/22/2016,8911,5.963814697,5.963814697,,2.329999924,0.579999983,3.599999428,,33,12,188,731,1481
3977333714,4/23/2016,1258,8.699996948,8.699996948,,,4.219999792,3.849999946,,,92,252,724,1638
3977333714,4/24/2016,14112,1,1,,3.269999989,4.559999943,2.177629395,,3,95,129,66,1655
3977333714,4/25/2016,11177,8.479999542,8.479999542,,5.619999886,0.437152557,2.41858369,,5,9,133,781,157
3977333714,4/26/2016,11388,7.619999886,7.619999886,,0.449999989,4.219999792,2.954768372,,7,95,17,797,1551
3977333714,4/27/2016,7193,5.399999619,5.399999619,,,0.419999987,4.619999886,,,1,176,714,1377
3977333714,4/28/2016,7114,4.881144492,4.881144492,,1.37476837,0.289999992,3.22286123,,15,8,19,84,147
3977333714,4/29/2016,1645,7.75,7.75,,3.74953674,1.299999952,2.713814697,,36,32,15,744,1545
3977333714,4/30/2016,13238,9.199999893,9.199999893,,3.69572246,2.999999463,3.41858369,,43,52,194,687,165
3977333714,05/01/2016,1414,7.717166138,7.717166138,,2.677629395,1.98197349,2.41858369,,41,4,124,691,151
3977333714,05/02/2016,1652,11.5197349,11.5197349,,1.539999962,6.48197349,3.199999893,,24,143,176,713,176
3977333714,05/03/2016,14335,9.591525879,9.591525879,,3.319999933,1.74953674,4.53298834,,47,41,258,594,171
3977333714,05/04/2016,13559,9.439999584,9.439999584,,1.899999428,4.579999924,2.89149417,,14,96,142,852,1628
3977333714,05/05/2016,12312,8.579999924,8.579999924,,1.759999995,4.111335144,2.713814697,,14,88,178,68,1618
3977333714,05/06/2016,11677,8.279999733,8.279999733,,3.19999896,2.599999946,2.677629395,,29,55,168,676,159
3977333714,05/07/2016,1155,7.73197349,7.73197349,,,4.131144492,3.589999914,,,86,28,73,1574
3977333714,05/08/2016,13585,9.915258789,9.915258789,,0.687152557,5.239999771,3.177629395,,9,116,171,688,1633
3977333714,05/09/2016,14687,1.799999238,1.799999238,,0.769999989,5.599999946,3.549999952,,8,122,151,1159,1667
3977333714,05/10/2016,1372,8.779999733,8.779999733,,0.7298232,5.49536743,3.399999428,,1,115,196,676,163
3977333714,05/11/2016,746,0.5,0.5,,0.374768372,,0.129999995,,4,,9,13,52
4020332650,04/12/2016,8539,6.119999886,6.119999886,,0.15596464,0.239999995,5.679999828,,4,15,331,712,3654
4020332650,4/13/2016,,,,,,,,,,,,144,1981
4020332650,4/14/2016,18,0.799999982,0.799999982,,,,0.299999993,,,,3,1437,211
4020332650,4/15/2016,1882,1.352384186,1.352384186,,0.299999934,0.361435115,0.769999989,,36,18,87,1299,2951
4020332650,4/16/2016,1982,1.419999958,1.419999958,,0.449999989,0.374768372,0.589999974,,65,21,55,1222,351
4020332650,4/17/2016,16,0.999999978,0.999999978,,,,0.999999978,,,,2,1438,199
4020332650,4/18/2016,62,0.399999992,0.399999992,,,,0.399999992,,,,2,1438,1995
4020332650,4/19/2016,,,,,,,,,,,,144,198
4020332650,4/20/2016,,,,,,,,,,,,144,198
4020332650,4/21/2016,,,,,,,,,,,,144,198
4020332650,4/22/2016,,,,,,,,,,,,144,198
4020332650,4/23/2016,,,,,,,,,,,,144,198
4020332650,4/24/2016,,,,,,,,,,,,144,198
4020332650,4/25/2016,,,,,,,,,,,,144,198
4020332650,4/26/2016,,,,,,,,,,,,144,198
4020332650,4/27/2016,,,,,,,,,,,,144,198
4020332650,4/28/2016,,,,,,,,,,,,144,198
4020332650,4/29/2016,,,,,,,,,,,,144,198
4020332650,4/30/2016,,,,,,,,,,,,144,198
4020332650,05/01/2016,,,,,,,,,,,,144,198
4020332650,05/02/2016,475,0.343576279,0.343576279,,,0.399999992,0.289999992,,,11,31,135,227
4020332650,05/03/2016,4496,3.22286123,3.22286123,,,,3.159536743,0.5745581,,,174,95,2828
4020332650,05/04/2016,1252,7.349999946,7.349999946,,0.671668931,1.399999619,5.579999924,,13,46,346,531,3879
4020332650,05/05/2016,11728,8.433517578,8.433517578,,2.619999886,1.679999948,4.399999619,0.7298232,38,42,196,916,3429
4020332650,05/06/2016,4369,3.131144492,3.131144492,,,,3.999999463,0.999999978,,,177,855,274
4020332650,05/07/2016,6132,4.49536743,4.49536743,,,,3.579999924,,,,184,1256,2975
4020332650,05/08/2016,5862,4.199999893,4.199999893,,,,4.159536743,,,,263,775,389
4020332650,05/09/2016,4556,3.269999989,3.269999989,,0.2298232,0.119999997,2.94572246,,3,5,173,1225,2785
4020332650,05/10/2016,5546,3.98197349,3.98197349,,,,3.869999886,0.399999992,,,26,774,2926
4020332650,05/11/2016,3689,2.659536743,2.659536743,,0.199999994,0.171788139,2.329999924,,2,8,134,1296,2645
4020332650,05/12/2016,59,0.419999987,0.419999987,,,,0.499999964,,,,21,721,112
4057192912,04/12/2016,5394,4.3298834,4.3298834,,,,3.94572246,,,,164,1276,2286
4057192912,4/13/2016,5974,4.469999792,4.469999792,,,,4.369999886,,,,16,128,236
4057192912,4/14/2016,,,,,,,,,,,,144,1776
4057192912,4/15/2016,3984,2.954768372,2.954768372,,0.299999934,0.259999995,2.44572246,,3,6,88,873,1527
4319703577,04/12/2016,7753,5.199999893,5.199999893,,,,,,,,,144,2115
4319703577,4/13/2016,824,5.5,5.5,,0.529999971,0.589999974,1.399999428,,8,15,96,1234,2135
4319703577,4/14/2016,121,6.881144492,6.881144492,,0.199999994,0.331311322,6.44572246,,1,9,339,589,232
4319703577,4/15/2016,5664,3.799999952,3.799999952,,,,3.799999952,,,,228,752,1985
4319703577,4/16/2016,4744,3.18667572,3.18667572,,,,3.18667572,,,,194,724,1884
4319703577,4/17/2016,29,0.199999996,0.199999996,,,,0.199999996,,,,3,1363,1464
4319703577,4/18/2016,2276,1.549999952,1.549999952,,0.7298232,0.331311322,1.12476837,,1,9,58,824,1632
4319703577,4/19/2016,8925,5.989999771,5.989999771,,,,5.989999771,,,,311,64,22
4319703577,4/20/2016,8954,6.122888184,6.122888184,,,0.687152557,5.399999428,,,18,36,671,222
4319703577,4/21/2016,372,2.48197349,2.48197349,,,,0.349999994,,,,34,1265,1792
4319703577,4/22/2016,45,3.199999893,3.199999893,,0.599999987,0.812384186,2.159536743,,1,19,176,79,1886
4319703577,4/23/2016,4935,3.399999428,3.399999428,,,,3.399999428,,,,233,546,1945
4319703577,4/24/2016,481,2.74953674,2.74953674,,0.599999987,0.2298232,2.47286123,,1,5,191,692,188
4319703577,4/25/2016,9259,6.213814697,6.213814697,,,0.28119293,5.929999828,,,8,39,544,2314
4319703577,4/26/2016,9899,6.639999866,6.639999866,,0.569999993,0.921668931,5.159536743,,8,21,288,649,2236
4319703577,4/27/2016,178,7.23197349,7.23197349,,0.499999964,1.919999958,4.999998474,,6,47,3,68,2324
4319703577,4/28/2016,1817,7.28298834,7.28298834,,1.999999463,0.331311322,5.94572246,,13,8,359,552,2367
4319703577,4/29/2016,799,5.361335144,5.361335144,,0.449999989,0.792145767,4.119999886,,6,18,289,624,2175
4319703577,4/30/2016,8221,5.519999989,5.519999989,,0.4596464,1.61143511,3.599999946,,6,38,196,695,292
4319703577,05/01/2016,1251,0.839999974,0.839999974,,,,0.839999974,,,,67,836,1593
4319703577,05/02/2016,9261,6.239999771,6.239999771,,,0.439999998,5.713814697,,,11,344,585,227
4319703577,05/03/2016,9648,6.469999792,6.469999792,,0.579999983,1.7524529,4.829999924,,8,26,287,669,2235
4319703577,05/04/2016,1429,7.199999893,7.199999893,,0.589999974,0.579999983,5.849999946,,8,13,313,116,2282
4319703577,05/05/2016,13658,9.489999771,9.489999771,,2.631144492,1.499999666,5.449999893,,27,34,328,957,253
4319703577,05/06/2016,9524,6.427629395,6.427629395,,0.499999964,0.469999999,5.463814697,,6,11,314,692,2266
4319703577,05/07/2016,7937,5.329999924,5.329999924,,0.189999998,1.499999523,4.799999238,,3,28,279,586,2158
4319703577,05/08/2016,3672,2.463814697,2.463814697,,,,2.463814697,,,,153,63,1792
4319703577,05/09/2016,1378,6.963814697,6.963814697,,0.1459646,0.562384186,6.25,,2,14,374,49,2345
4319703577,05/10/2016,9487,6.369999886,6.369999886,,0.299999934,0.46834465,5.699999893,,3,12,329,555,226
4319703577,05/11/2016,9129,6.131144492,6.131144492,,0.2298232,0.749536743,5.179999828,,3,18,311,574,2232
4319703577,05/12/2016,17,0.999999978,0.999999978,,,,0.999999978,,,,2,,257
4388161847,04/12/2016,1122,7.78298834,7.78298834,,,,,,,,,144,2955
4388161847,4/13/2016,1993,8.449999893,8.449999893,,0.599999987,0.629999995,3.881144492,,1,14,15,1275,392
4388161847,4/14/2016,8863,6.821716614,6.821716614,,0.129999995,1.7524529,5.619999886,,1,35,219,945,2998
4388161847,4/15/2016,8758,6.73197349,6.73197349,,,,6.73197349,,,,299,837,366
4388161847,4/16/2016,658,5.599999428,5.599999428,,0.299999934,0.4596464,4.449999893,,6,9,253,69,373
4388161847,4/17/2016,466,3.579999924,3.579999924,,,,3.579999924,,,,21,721,2572
4388161847,4/18/2016,119,9.138146973,9.138146973,,3.559999943,0.4596464,5.139999866,,27,8,239,117,3274
4388161847,4/19/2016,1181,7.829999924,7.829999924,,1.37476837,0.689999998,5.769999989,,2,16,249,74,315
4388161847,4/20/2016,1553,8.119999886,8.119999886,,1.12384186,1.72286123,5.289999962,,19,42,228,696,383
4388161847,4/21/2016,155,7.73197349,7.73197349,,0.374768372,0.389999986,6.98197349,,7,12,272,853,369
4388161847,4/22/2016,12139,9.341525879,9.341525879,,3.299999952,1.11143511,4.927629395,,77,25,22,945,3544
4388161847,4/23/2016,13236,1.18351758,1.18351758,,4.5,0.319999993,5.349999946,,58,5,215,749,336
4388161847,4/24/2016,1243,7.881144492,7.881144492,,1.84291534,0.599999946,6.31973486,,14,8,239,584,2885
4388161847,4/25/2016,12961,9.972672881,9.972672881,,0.731973486,1.399999976,7.841525879,,11,31,31,154,3288
4388161847,4/26/2016,9461,7.28298834,7.28298834,,0.939999998,1.599999428,5.269999989,,14,23,224,673,2929
4388161847,4/27/2016,11193,8.699996567,8.699996567,,0.699999989,2.599999946,5.389999866,,11,48,241,684,374
4388161847,4/28/2016,174,7.75,7.75,,1.289999962,0.437152557,6.3298834,,19,9,234,878,2969
4388161847,4/29/2016,9232,7.999999463,7.999999463,,0.81192928,0.889999986,5.427629395,,13,16,236,1175,2979
4388161847,4/30/2016,12533,9.643433228,9.643433228,,0.699999989,2,6.94572246,,14,43,3,537,3283
4388161847,05/01/2016,1255,7.889999866,7.889999866,,1.999999463,0.687152557,6.199999893,,12,15,241,579,2926
4388161847,05/02/2016,196,8.399999619,8.399999619,,3.769999989,0.799999982,4.551973486,,33,4,24,935,3147
4388161847,05/03/2016,12727,9.789999962,9.789999962,,1.129999995,0.779999971,7.881144492,,18,18,36,984,329
4388161847,05/04/2016,12375,9.524577637,9.524577637,,2.789999962,0.937152557,5.81973486,,35,21,251,632,3162
4388161847,05/05/2016,963,7.381144492,7.381144492,,0.629999995,1.669999958,5.915258789,,12,39,199,896,2899
4388161847,05/06/2016,13175,1.13114449,1.13114449,,2.19999896,2.899999142,5.929999828,,33,45,262,11,3425
4388161847,05/07/2016,2277,17.54915527,17.54915527,,9.449999893,2.769999989,5.329999924,,12,56,26,58,422
4388161847,05/08/2016,17298,14.38114449,14.38114449,,9.893433228,1.259999995,3.23197349,,17,38,178,576,3934
4388161847,05/09/2016,1218,7.861335144,7.861335144,,0.343576279,0.731973486,6.789999962,,6,19,258,12,313
4388161847,05/10/2016,1299,7.927629395,7.927629395,,0.812384186,0.649999976,6.463814697,,13,14,267,648,361
4388161847,05/11/2016,121,7.841525879,7.841525879,,0.529999971,0.792145767,6.53298834,,8,18,256,858,2954
4388161847,05/12/2016,3369,2.589999914,2.589999914,,,,2.589999914,,,,18,825,1623
4445114986,04/12/2016,3276,2.24768372,2.24768372,,,,2.24768372,,,,196,787,2113
4445114986,4/13/2016,2961,1.99953674,1.99953674,,,,1.99953674,,,,194,84,295
4445114986,4/14/2016,3974,2.677629395,2.677629395,,,,2.677629395,,,,231,717,2194
4445114986,4/15/2016,7198,4.829999924,4.829999924,,,,4.829999924,,,,35,711,2496
4445114986,4/16/2016,3945,2.659536743,2.659536743,,,,2.659536743,,,,225,716,218
4445114986,4/17/2016,2268,1.519999989,1.519999989,,,,1.519999989,,,,114,1219,1933
4445114986,4/18/2016,6155,4.239999771,4.239999771,,2,0.289999992,1.954768372,,25,6,162,1247,2248
4445114986,4/19/2016,264,1.389999986,1.389999986,,,,1.389999986,,,,121,895,1954
4445114986,4/20/2016,272,1.389999986,1.389999986,,,,1.389999986,,,,137,841,1974
4445114986,4/21/2016,389,2.559999943,2.559999943,,,,2.539999962,,,,215,756,215
4445114986,4/22/2016,6831,4.579999924,4.579999924,,,,4.579999924,,,,317,76,2432
4445114986,4/23/2016,4363,2.93667572,2.93667572,,,,2.93667572,,,,21,1239,2149
4445114986,4/24/2016,52,3.359999896,3.359999896,,,,3.359999896,,,,244,1196,2247
4445114986,4/25/2016,3385,2.269999989,2.269999989,,,,2.269999989,,,,179,916,27
4445114986,4/26/2016,6326,4.499998474,4.499998474,,2.41858369,0.399999992,1.963814697,,29,1,18,839,2291
4445114986,4/27/2016,7243,5.3298834,5.3298834,,2.619999886,0.299999993,2.381144492,,32,1,194,839,2361
4445114986,4/28/2016,4493,3.999999463,3.999999463,,,,3.999999463,,,,236,762,223
4445114986,4/29/2016,4676,3.14149417,3.14149417,,,,3.131144492,,,,226,116,2196
4445114986,4/30/2016,6222,4.179999828,4.179999828,,,,4.179999828,,,,29,797,2363
4445114986,05/01/2016,5232,3.599999946,3.599999946,,,,3.599999946,,,,24,741,2246
4445114986,05/02/2016,691,4.75,4.75,,2.213814697,0.189999998,2.349999946,,27,4,2,667,2336
4445114986,05/03/2016,752,5.179999828,5.179999828,,2.48197349,0.199999994,2.579999924,,3,2,233,725,2421
4445114986,05/04/2016,2923,1.963814697,1.963814697,,,,1.963814697,,,,18,897,27
4445114986,05/05/2016,38,2.549999952,2.549999952,,0.119999997,0.239999995,2.18667572,,2,6,185,734,212
4445114986,05/06/2016,4514,3.299999714,3.299999714,,,,3.299999714,,,,229,89,2211
4445114986,05/07/2016,5183,3.589999914,3.589999914,,2.131144492,0.189999998,1.25,,26,4,18,866,2123
4445114986,05/08/2016,733,4.99536743,4.99536743,,,0.25,4.659536743,,,8,38,733,2423
4445114986,05/09/2016,5275,3.539999962,3.539999962,,,,3.539999962,,,,266,641,2281
4445114986,05/10/2016,3915,2.631144492,2.631144492,,,,2.631144492,,,,231,783,2181
4445114986,05/11/2016,915,6.111335144,6.111335144,,2.25,1,2.859999896,,34,22,232,622,2499
4445114986,05/12/2016,768,0.519999989,0.519999989,,,,0.519999989,,,,58,38,1212
4558609924,04/12/2016,5135,3.39149417,3.39149417,,,,3.39149417,,,,318,1122,199
4558609924,4/13/2016,4978,3.289999962,3.289999962,,1.24953674,0.439999998,1.61143511,,19,7,127,1287,1722
4558609924,4/14/2016,6799,4.489999771,4.489999771,,,,4.489999771,,,,279,1161,1922
4558609924,4/15/2016,7795,5.159536743,5.159536743,,0.589999974,0.839999974,3.73197349,,17,3,262,1131,2121
4558609924,4/16/2016,7289,4.821716614,4.821716614,,0.551192928,0.75,3.5,,8,12,38,1112,1997
4558609924,4/17/2016,9634,6.49536743,6.49536743,,0.551192928,1.139999986,4.713814697,,7,19,34,111,2117
4558609924,4/18/2016,894,5.999998474,5.999998474,,0.981973486,0.937152557,4,,14,15,331,18,2116
4558609924,4/19/2016,541,3.569999933,3.569999933,,0.5745581,0.361435115,3.16858369,,1,9,248,1182,1876
4558609924,4/20/2016,483,3.177629395,3.177629395,,,,3.177629395,,,,222,1218,1788
4558609924,4/21/2016,13743,9.799999238,9.799999238,,0.419999987,0.972861229,7.699999893,,6,21,432,844,2486
4558609924,4/22/2016,961,6.349999946,6.349999946,,1.37476837,1.5,3.47286123,,2,25,273,1122,294
4558609924,4/23/2016,689,4.551973486,4.551973486,,0.343576279,0.2298232,4.122888184,,5,5,38,1122,285
4558609924,4/24/2016,8563,5.659999847,5.659999847,,,,5.659536743,,,,395,145,2173
4558609924,4/25/2016,895,5.349999946,5.349999946,,0.589999974,0.25,4.512288818,,18,1,34,993,2225
4558609924,4/26/2016,9148,6.51973486,6.51973486,,0.437152557,2.299999714,3.589999914,,12,41,283,162,2223
4558609924,4/27/2016,9557,6.321716614,6.321716614,,1.963814697,0.889999986,3.463814697,,27,14,312,187,298
4558609924,4/28/2016,9451,6.25,6.25,,0.199999996,0.271728836,5.949999893,,1,11,367,985,2185
4558609924,4/29/2016,7833,5.179999828,5.179999828,,1.199999893,1.852384186,2.399999428,,15,29,197,196,1918
4558609924,4/30/2016,1319,6.821716614,6.821716614,,0.469999999,1.889999986,4.463814697,,7,29,293,1111,215
4558609924,05/01/2016,3428,2.269999989,2.269999989,,,,2.269999989,,,,19,1121,1692
4558609924,05/02/2016,7891,5.219999792,5.219999792,,,,5.219999792,,,,383,157,266
4558609924,05/03/2016,5267,3.48197349,3.48197349,,0.623841858,0.28119293,2.599999946,,21,1,237,1172,1953
4558609924,05/04/2016,5232,3.463814697,3.463814697,,,,3.463814697,,,,252,1188,1842
4558609924,05/05/2016,1611,7.122888184,7.122888184,,1.999999463,0.5,5.512288818,,14,8,37,148,2262
4558609924,05/06/2016,3755,2.48197349,2.48197349,,,,2.48197349,,,,22,1238,1722
4558609924,05/07/2016,8237,5.44572246,5.44572246,,1.61143511,1,2.829999924,,23,16,233,1116,1973
4558609924,05/08/2016,6543,4.329999924,4.329999924,,1.799999952,0.5,2.199999893,,66,35,238,119,2666
4558609924,05/09/2016,11451,7.571716614,7.571716614,,0.437152557,1.62476837,5.519999989,,6,3,339,165,2223
4558609924,05/10/2016,6435,4.25,4.25,,0.749536743,1.12476837,2.39149417,,11,18,22,1191,1889
4558609924,05/11/2016,918,6.199999893,6.199999893,,0.259999995,1.82524529,3.94572246,,4,31,324,181,2131
4558609924,05/12/2016,637,4.177629395,4.177629395,,,,4.177629395,,,,247,736,1452
4702921684,04/12/2016,7213,5.881144492,5.881144492,,,,5.849999946,,,,263,718,2947
4702921684,4/13/2016,6877,5.579999924,5.579999924,,,,5.579999924,,,,258,777,2898
4702921684,4/14/2016,786,6.369999886,6.369999886,,,,6.369999886,,,,271,772,2984
4702921684,4/15/2016,656,5.28298834,5.28298834,,0.7298232,0.419999987,4.789999962,,1,8,256,944,2896
4702921684,4/16/2016,1114,9.29999733,9.29999733,,0.239999995,1.25,7.539999962,,3,24,335,556,3328
4702921684,4/17/2016,12692,1.289999962,1.289999962,,0.959999979,3.463814697,5.881144492,,12,66,32,437,3394
4702921684,4/18/2016,915,7.381144492,7.381144492,,1.82524529,1.49953674,4.717166138,,22,3,191,89,313
4702921684,4/19/2016,678,5.44572246,5.44572246,,0.879999995,0.374768372,4.19572246,,1,8,179,757,2812
4702921684,4/20/2016,8793,7.131144492,7.131144492,,0.159999996,1.23197349,5.73197349,,2,29,26,717,361
4702921684,4/21/2016,653,5.31973486,5.31973486,,0.312384186,2.499999523,2.94572246,,4,41,144,91,2729
4702921684,4/22/2016,1664,1.352384186,1.352384186,,,,1.352384186,,,,72,1341,2241
4702921684,4/23/2016,15126,12.27457764,12.27457764,,0.759999995,3.24953674,8.274577637,,9,66,48,469,3691
4702921684,4/24/2016,155,12.22267288,12.22267288,,1.24768372,5.119999886,5.881144492,,15,95,281,542,3538
4702921684,4/25/2016,9167,7.429999828,7.429999828,,0.499536743,0.819999993,6.111335144,,6,15,27,73,364
4702921684,4/26/2016,618,4.949999893,4.949999893,,0.7298232,0.349999994,4.539999962,,1,8,216,765,2784
4702921684,4/27/2016,747,5.719999792,5.719999792,,0.935762787,0.81192928,4.78298834,,1,16,238,733,298
4702921684,4/28/2016,923,7.321716614,7.321716614,,1.129999995,0.419999987,5.769999989,,14,9,232,738,333
4702921684,4/29/2016,993,8.51973486,8.51973486,,1.599999428,0.921668931,6.717166138,,12,19,267,692,3165
4702921684,4/30/2016,1144,8.229999542,8.229999542,,0.319999993,2.299999714,5.881144492,,4,36,263,728,3115
4702921684,05/01/2016,,,,,,,,,,,,144,217
4702921684,05/02/2016,7245,5.927629395,5.927629395,,0.379999995,1.74953674,3.759999995,,5,4,195,1131,2859
4702921684,05/03/2016,9454,7.677629395,7.677629395,,,,7.677629395,,,,313,729,3145
4702921684,05/04/2016,8161,6.619999886,6.619999886,,0.343576279,0.731973486,5.539999962,,4,15,251,757,34
4702921684,05/05/2016,8614,6.989999771,6.989999771,,0.671668931,0.219999999,6.915258789,,8,5,241,745,36
4702921684,05/06/2016,6943,5.631144492,5.631144492,,0.799999982,0.662622644,4.869999886,,1,16,27,682,2859
4702921684,05/07/2016,1437,11.64999962,11.64999962,,0.374768372,2.399999428,8.972672881,,5,46,439,577,3683
4702921684,05/08/2016,12857,1.43351758,1.43351758,,0.687152557,6.213814697,3.539999962,,9,125,192,119,3287
4702921684,05/09/2016,8232,6.679999828,6.679999828,,,0.569999993,6.999999463,,,12,253,746,299
4702921684,05/10/2016,1613,8.699996567,8.699996567,,0.799999982,1.879999995,6.659536743,,1,37,262,71,3172
4702921684,05/11/2016,981,7.963814697,7.963814697,,0.779999971,2.16858369,4.98197349,,1,41,235,784,369
4702921684,05/12/2016,2752,2.23197349,2.23197349,,,,2.23197349,,,,68,241,124
5553957443,04/12/2016,11596,7.571716614,7.571716614,,1.37476837,0.792145767,5.499998474,,19,13,277,767,226
5553957443,4/13/2016,4832,3.16858369,3.16858369,,,,3.16858369,,,,226,647,1718
5553957443,4/14/2016,1722,11.11999989,11.11999989,,4,2.454768372,4.677629395,,61,41,256,693,2324
5553957443,4/15/2016,16556,1.859999657,1.859999657,,4.159999847,1.98197349,4.713814697,,58,38,239,689,2254
5553957443,4/16/2016,5771,3.769999989,3.769999989,,,,3.769999989,,,,288,521,1831
5553957443,4/17/2016,655,0.437152557,0.437152557,,,,0.437152557,,,,46,943,1397
5553957443,4/18/2016,3727,2.43667572,2.43667572,,,,2.43667572,,,,26,622,1683
5553957443,4/19/2016,15482,1.199996567,1.199996567,,4.28298834,1.659999967,4.179999828,,69,28,249,756,2284
5553957443,4/20/2016,2713,1.769999989,1.769999989,,,,1.769999989,,,,148,598,157
5553957443,4/21/2016,12346,8.641961669,8.641961669,,2.954768372,2.16858369,2.963814697,,47,42,177,81,266
5553957443,4/22/2016,11682,7.631144492,7.631144492,,1.379999995,0.629999995,5.599999946,,25,16,27,781,215
5553957443,4/23/2016,4112,2.69572246,2.69572246,,,,2.68667572,,,,272,443,1776
5553957443,4/24/2016,187,1.179999948,1.179999948,,,,1.179999948,,,,14,582,157
5553957443,4/25/2016,1946,7.19572246,7.19572246,,2.93667572,0.569999993,3.69572246,,51,11,21,732,233
5553957443,4/26/2016,11886,7.762288818,7.762288818,,2.369999886,0.937152557,4.463814697,,4,18,238,75,293
5553957443,4/27/2016,1538,6.881144492,6.881144492,,1.139999986,1,4.739999771,,16,16,26,745,1922
5553957443,4/28/2016,11393,7.631144492,7.631144492,,3.713814697,0.75,3.177629395,,49,13,165,727,1999
5553957443,4/29/2016,12764,8.329999924,8.329999924,,2.789999962,0.639999986,4.999998474,,46,15,27,79,2169
5553957443,4/30/2016,122,0.779999971,0.779999971,,,,0.779999971,,,,84,56,1463
5553957443,05/01/2016,5164,3.369999886,3.369999886,,,,3.369999886,,,,237,436,1747
5553957443,05/02/2016,9769,6.381144492,6.381144492,,1.599999428,0.499999964,4.99536743,,23,9,227,724,1996
5553957443,05/03/2016,12848,8.393433228,8.393433228,,1.5,1.24768372,5.679999828,,26,29,247,812,2116
5553957443,05/04/2016,4249,2.769999989,2.769999989,,,,2.769999989,,,,224,651,1698
5553957443,05/05/2016,14331,9.512288818,9.512288818,,3.43667572,1.659999967,4.429999828,,44,29,241,692,2156
5553957443,05/06/2016,9632,6.289999962,6.289999962,,1.519999989,0.542145767,4.23197349,,21,9,229,761,1916
5553957443,05/07/2016,1868,1.22286123,1.22286123,,,,1.22286123,,,,96,92,1494
5553957443,05/08/2016,683,4,4,,0.219999999,0.469999999,3.299999952,,3,8,21,55,1762
5553957443,05/09/2016,11611,7.579999924,7.579999924,,2.131144492,0.889999986,4.559999943,,59,22,251,667,2272
5553957443,05/10/2016,16358,1.7138147,1.7138147,,3.869999886,1.61143511,5.199999893,,61,4,265,77,2335
5553957443,05/11/2016,4926,3.22286123,3.22286123,,,,3.22286123,,,,195,628,1693
5553957443,05/12/2016,3121,2.399999619,2.399999619,,0.579999983,0.4596464,1.599999428,,8,6,48,222,741
5577150313,04/12/2016,8135,6.799999238,6.799999238,,3.599999946,0.379999995,2.999999463,,86,16,14,728,345
5577150313,4/13/2016,577,3.789999962,3.789999962,,0.319999993,0.219999999,3.25,,15,11,144,776,2551
5577150313,4/14/2016,8596,6.427629395,6.427629395,,3.329999924,0.312384186,2.779999971,,118,3,176,662,422
5577150313,4/15/2016,1287,9.799999238,9.799999238,,3.927629395,1.62384186,3.559999943,,115,54,199,695,45
5577150313,4/16/2016,14269,1.659999847,1.659999847,,6.639999866,1.279999971,2.73197349,,184,56,158,472,4274
5577150313,4/17/2016,12231,9.143433228,9.143433228,,5.98197349,0.829999983,2.319999933,,2,37,159,525,4552
5577150313,4/18/2016,9893,7.389999866,7.389999866,,4.861335144,0.722861229,1.82524529,,114,32,13,623,3625
5577150313,4/19/2016,12574,9.427629395,9.427629395,,7.199999893,0.639999986,1.759999995,,18,23,111,733,351
5577150313,4/20/2016,833,6.219999792,6.219999792,,4.119999886,0.343576279,1.759999995,,87,16,113,773,3192
5577150313,4/21/2016,183,8.915258789,8.915258789,,3.659536743,1.659999967,2.779999971,,11,74,175,67,418
5577150313,4/22/2016,9172,6.849999946,6.849999946,,2.427629395,0.792145767,3.299999952,,62,3,2,823,3329
5577150313,4/23/2016,7638,5.713814697,5.713814697,,1.213814697,0.361435115,4.139999866,,24,24,223,627,3152
5577150313,4/24/2016,15764,11.77999973,11.77999973,,7.659536743,2.159536743,1.98197349,,21,65,141,425,4392
5577150313,4/25/2016,6393,4.78298834,4.78298834,,1.352384186,0.671668931,2.759999995,,61,38,214,743,3374
5577150313,4/26/2016,5325,3.98197349,3.98197349,,0.852384186,0.649999976,2.47286123,,38,32,181,759,388
5577150313,4/27/2016,685,5.139999866,5.139999866,,1.899999428,0.4596464,2.93667572,,63,16,19,773,3294
5577150313,4/28/2016,9841,7.429999828,7.429999828,,3.25,1.169999958,3.999999463,,99,51,141,692,358
5577150313,4/29/2016,7924,5.927629395,5.927629395,,2.839999914,0.611435115,2.47286123,,97,36,165,739,3544
5577150313,4/30/2016,12363,9.239999771,9.239999771,,5.829999924,0.792145767,2.69999896,,27,45,163,621,451
5577150313,05/01/2016,13368,9.989999771,9.989999771,,5.399999428,1.44572246,3.24953674,,194,72,178,499,4546
5577150313,05/02/2016,7439,5.559999943,5.559999943,,1.12476837,0.349999994,4.717166138,,37,2,235,732,314
5577150313,05/03/2016,1145,8.25,8.25,,4.519999989,0.15596464,3.569999933,,97,8,212,58,3795
5577150313,05/04/2016,526,3.89149417,3.89149417,,1.559999943,0.25,2.799999238,,25,9,141,631,2755
5577150313,05/05/2016,755,5.639999866,5.639999866,,2.5,0.469999999,2.677629395,,45,21,143,1153,34
5577150313,05/06/2016,495,3.74768372,3.74768372,,1.929999948,0.319999993,1.454768372,,41,16,79,134,2643
5577150313,05/07/2016,,,,,,,,,,,,144,1819
5577150313,05/08/2016,,,,,,,,,,,,144,1819
5577150313,05/09/2016,3421,2.559999943,2.559999943,,1.429999948,0.1459646,0.999536743,,34,11,7,199,2489
5577150313,05/10/2016,8869,6.659536743,6.659536743,,2.559999943,0.75,3.349999946,,14,37,194,639,3841
5577150313,05/11/2016,438,3.399999619,3.399999619,,1.834291534,0.31192929,0.889999986,,45,15,63,257,1665
6117666160,04/12/2016,,,,,,,,,,,,144,1496
6117666160,4/13/2016,,,,,,,,,,,,144,1496
6117666160,4/14/2016,,,,,,,,,,,,144,1496
6117666160,4/15/2016,1419,1.591525879,1.591525879,,,0.28119293,1.3197349,,,6,513,921,2865
6117666160,4/16/2016,1445,1.999998474,1.999998474,,0.579999983,0.852384186,9.479999542,,7,15,518,52,2828
6117666160,4/17/2016,715,5.49536743,5.49536743,,,,5.49536743,,,,312,72,2225
6117666160,4/18/2016,5153,3.91858369,3.91858369,,,,3.89149417,,,,241,759,218
6117666160,4/19/2016,11135,8.499998474,8.499998474,,,,8.499998474,,,,48,425,266
6117666160,4/20/2016,1449,8.245776367,8.245776367,,2.299999714,0.479999989,5.519999989,,26,1,349,587,2536
6117666160,4/21/2016,19542,15.12288818,15.12288818,,0.981973486,0.4596464,5.619999886,,11,19,294,579,49
6117666160,4/22/2016,826,6.199999893,6.199999893,,,,6.199999893,,,,42,413,249
6117666160,4/23/2016,11495,8.683517578,8.683517578,,,,8.683517578,,,,512,468,2651
6117666160,4/24/2016,7623,5.762288818,5.762288818,,,,5.762288818,,,,362,711,235
6117666160,4/25/2016,,,,,,,,,,,,144,1497
6117666160,4/26/2016,9543,7.213814697,7.213814697,,,0.343576279,6.869999886,,,7,352,177,245
6117666160,4/27/2016,9411,7.111335144,7.111335144,,,,7.111335144,,,,458,417,2576
6117666160,4/28/2016,343,2.599999946,2.599999946,,,,2.599999946,,,,141,758,1879
6117666160,4/29/2016,9592,7.239999771,7.239999771,,,,7.239999771,,,,461,479,256
6117666160,4/30/2016,6987,5.28298834,5.28298834,,,,5.28298834,,,,343,14,2275
6117666160,05/01/2016,8915,6.73197349,6.73197349,,,,6.73197349,,,,397,525,2361
6117666160,05/02/2016,4933,3.73197349,3.73197349,,,,3.73197349,,,,236,124,244
6117666160,05/03/2016,,,,,,,,,,,,144,1496
6117666160,05/04/2016,2997,2.259999995,2.259999995,,,,2.259999995,,,,156,1279,192
6117666160,05/05/2016,9799,7.49536743,7.49536743,,,,7.49536743,,,,487,479,2636
6117666160,05/06/2016,3365,2.68667572,2.68667572,,,,2.68667572,,,,133,673,1838
6117666160,05/07/2016,7336,5.539999962,5.539999962,,,,5.539999962,,,,412,456,2469
6117666160,05/08/2016,7328,5.53298834,5.53298834,,,,5.53298834,,,,318,517,225
6117666160,05/09/2016,4477,3.381144492,3.381144492,,,,3.381144492,,,,197,125,1248
6290855005,04/12/2016,4562,3.454768372,3.454768372,,,,3.454768372,,,,199,1241,256
6290855005,4/13/2016,7142,5.49536743,5.49536743,,,,5.389999866,0.999999978,,,35,19,295
6290855005,4/14/2016,7671,5.81973486,5.81973486,,,,5.769999989,0.299999993,,,363,177,2952
6290855005,4/15/2016,951,7.179999828,7.179999828,,,,7.177629395,0.999999978,,,328,1112,2896
6290855005,4/16/2016,831,6.28298834,6.28298834,,,,6.269999989,0.999999978,,,258,1182,2783
6290855005,4/17/2016,7851,5.94572246,5.94572246,,1.139999986,0.792145767,4,,31,12,225,1172,3171
6290855005,4/18/2016,6885,5.213814697,5.213814697,,,,5.19572246,0.199999996,,,271,1169,2766
6290855005,4/19/2016,7142,5.49536743,5.49536743,,,,5.389999866,0.999999978,,,321,1119,2839
6290855005,4/20/2016,6361,4.899999428,4.899999428,,,,4.81973486,0.999999978,,,258,1182,271
6290855005,4/21/2016,,,,,,,,,,,,144,26
6290855005,4/22/2016,6238,4.719999792,4.719999792,,,,4.719999792,,,,32,1138,2796
6290855005,4/23/2016,,,,,,,,,33,,,147,2664
6290855005,4/24/2016,5896,4.463814697,4.463814697,,,,4.463814697,,,,258,1182,273
6290855005,4/25/2016,782,5.99536743,5.99536743,,0.687152557,0.187152557,5.3298834,0.999999978,8,3,249,118,2771
6290855005,4/26/2016,,,,,,,,,,,,144,26
6290855005,4/27/2016,5565,4.213814697,4.213814697,,,,4.179999828,0.299999993,,,287,1153,2743
6290855005,4/28/2016,5731,4.329999924,4.329999924,,,,4.329999924,,,,255,1185,2687
6290855005,4/29/2016,,,,,,,,,,,,144,26
6290855005,4/30/2016,6744,5.999999463,5.999999463,,,,5.915258789,0.999999978,,,324,1116,2843
6290855005,05/01/2016,9837,7.44572246,7.44572246,,0.662622644,2.75,4,0.199999996,8,95,282,155,3327
6290855005,05/02/2016,6781,5.131144492,5.131144492,,,,5.111335144,0.199999996,,,268,1172,2725
6290855005,05/03/2016,647,4.571716614,4.571716614,,,,4.571716614,,,,24,12,2671
6290855005,05/04/2016,5832,4.499998474,4.499998474,,,,4.49536743,0.999999978,,,272,1168,2718
6290855005,05/05/2016,6339,4.789999962,4.789999962,,,,4.789999962,,,,239,121,2682
6290855005,05/06/2016,6116,4.619999886,4.619999886,,,,4.591525879,0.299999993,,,35,1135,286
6290855005,05/07/2016,551,4.177629395,4.177629395,,,,4.159999847,,,,227,1213,2613
6290855005,05/08/2016,776,5.829999924,5.829999924,,,,5.821716614,,,,251,1189,2712
6290855005,05/09/2016,6277,4.75,4.75,,,,4.73197349,0.199999996,,,264,8,2175
6290855005,05/10/2016,,,,,,,,,,,,144,
6775888955,04/12/2016,,,,,,,,,,,,144,1841
6775888955,4/13/2016,453,2.91858369,2.91858369,,1.11143511,0.579999983,1.22286123,,17,18,85,153,24
6775888955,4/14/2016,5162,3.74768372,3.74768372,,0.874768372,0.861435115,1.97286123,,14,24,15,863,257
6775888955,4/15/2016,1282,0.921668931,0.921668931,,,,0.921668931,,,,58,976,2127
6775888955,4/16/2016,4732,3.39149417,3.39149417,,2.519999989,0.812384186,0.599999987,,36,18,9,1377,2225
6775888955,4/17/2016,2497,1.789999962,1.789999962,,0.349999994,1.129999995,0.312384186,,5,24,19,1392,267
6775888955,4/18/2016,8294,5.949999893,5.949999893,,2,0.769999989,3.177629395,,3,31,146,1233,2798
6775888955,4/19/2016,,,,,,,,,,,,144,1841
6775888955,4/20/2016,1771,7.719999792,7.719999792,,3.769999989,1.74953674,2.22286123,,7,113,178,179,3727
6775888955,4/21/2016,,,,,,,,,,,,144,1841
6775888955,4/22/2016,637,0.46834465,0.46834465,,,,0.46834465,,,,2,142,1922
6775888955,4/23/2016,,,,,,,,,,,,144,1841
6775888955,4/24/2016,2153,1.539999962,1.539999962,,0.769999989,0.624768372,0.15596464,,11,18,11,14,253
6775888955,4/25/2016,6474,4.639999866,4.639999866,,2.269999989,0.46834465,1.899999976,,33,13,92,132,2484
6775888955,4/26/2016,791,5.269999989,5.269999989,1.959596379,3.48197349,0.874768372,0.731973486,,42,3,47,1321,2584
6775888955,4/27/2016,,,,,,,,,,,,144,1841
6775888955,4/28/2016,73,0.5,0.5,,0.599999987,0.2298232,0.239999995,,2,13,15,141,1993
6775888955,4/29/2016,,,,,,,,,,,,144,1841
6775888955,4/30/2016,253,1.789999962,1.789999962,,0.159999996,0.159999996,1.48197349,,3,9,84,1344,228
6775888955,05/01/2016,2487,1.779999971,1.779999971,,0.479999989,0.624768372,0.687152557,,9,34,5,1347,2319
6775888955,05/02/2016,,,,,,,,,,,,144,1841
6775888955,05/03/2016,9,0.999999978,0.999999978,,,,0.999999978,,,,1,1439,1843
6775888955,05/04/2016,,,,,,,,,,,,144,1841
6775888955,05/05/2016,,,,,,,,,,,,144,1841
6775888955,05/06/2016,4697,3.369999886,3.369999886,,0.469999999,0.937152557,1.929999948,,12,35,75,1318,2496
6775888955,05/07/2016,1967,1.499999666,1.499999666,,0.129999995,0.239999995,1.499999523,,2,5,49,551,132
6962181067,04/12/2016,1199,6.739999771,6.739999771,,3.49536743,0.829999983,2.599999946,,5,14,189,796,1994
6962181067,4/13/2016,5652,3.74953674,3.74953674,,0.569999993,1.213814697,1.963814697,,8,24,142,548,1718
6962181067,4/14/2016,1551,1.299999714,1.299999714,,,,1.299999714,,,,86,862,1466
6962181067,4/15/2016,5563,3.68667572,3.68667572,,,,3.68667572,,,,217,837,1756
6962181067,4/16/2016,13217,8.739999771,8.739999771,,3.66858369,0.189999998,4.881144492,,5,3,28,741,2173
6962181067,4/17/2016,1145,6.713814697,6.713814697,,0.331311322,0.687152557,5.69572246,,5,13,295,634,227
6962181067,4/18/2016,1144,7.539999962,7.539999962,,0.829999983,2.39149417,4.321716614,,13,42,238,689,239
6962181067,4/19/2016,1742,7.999999463,7.999999463,,2.999999463,2.131144492,2.869999886,,35,41,195,659,246
6962181067,4/20/2016,13928,9.551973486,9.551973486,,4.28298834,0.189999998,5.915258789,,48,4,297,639,2174
6962181067,4/21/2016,11835,9.713814697,7.881144492,4.816922188,3.99953674,2.999999463,3.599999946,0.199999994,53,27,214,78,2179
6962181067,4/22/2016,1725,7.915258789,7.915258789,,1.769999989,1.549999952,3.769999989,,3,33,24,659,286
6962181067,4/23/2016,231,13.23999977,13.23999977,,4.199999893,2,7.399999619,,58,41,347,484,2571
6962181067,4/24/2016,529,3.319999933,3.319999933,,,,3.319999933,,,,199,72,175
6962181067,4/25/2016,13239,9.274577637,9.799999238,2.785175857,3.199999893,1.679999948,4.463814697,0.1149116,35,31,282,637,2194
6962181067,4/26/2016,1433,6.99536743,6.99536743,,2.579999924,0.419999987,3.99536743,,36,7,254,68,212
6962181067,4/27/2016,132,6.821716614,6.821716614,,0.551192928,2.199999893,4.25,,7,38,279,697,234
6962181067,4/28/2016,12627,8.353814697,8.353814697,,2.599999946,0.239999995,5.591525879,,38,8,288,621,2182
6962181067,4/29/2016,1762,7.111335144,7.111335144,,0.819999993,0.479999989,5.899999428,,12,15,369,645,2254
6962181067,4/30/2016,181,6.659999847,6.659999847,,2.24953674,0.759999995,3.677629395,,32,16,237,731,22
6962181067,05/01/2016,5454,3.69999896,3.69999896,,,,3.69999896,,,,215,722,174
6962181067,05/02/2016,12912,8.539999962,8.539999962,,1.24768372,2,5.341525879,,18,39,313,655,2162
6962181067,05/03/2016,1219,8.119999886,8.119999886,,1.74953674,2.399999619,4.329999924,,21,36,267,654,272
6962181067,05/04/2016,1147,6.713814697,6.713814697,,0.469999999,1.679999948,4.551973486,,15,36,284,683,286
6962181067,05/05/2016,1524,6.963814697,6.963814697,,0.999536743,1.159999967,4.899999428,,14,22,35,591,266
6962181067,05/06/2016,598,3.91858369,3.91858369,,,,3.91858369,,,,299,717,185
6962181067,05/07/2016,6815,4.5,4.5,,,,4.5,,,,328,745,1947
6962181067,05/08/2016,4188,2.769999989,2.769999989,,,0.519999989,2.25,,,14,151,79,1659
6962181067,05/09/2016,12342,8.722672881,8.683517578,3.167821884,3.99536743,1.179999948,3.659536743,,43,21,231,67,215
6962181067,05/10/2016,15448,1.2138147,1.2138147,,3.47286123,1.75,4.989999771,,62,34,275,626,2361
6962181067,05/11/2016,6722,4.44572246,4.44572246,,1.49953674,0.312384186,2.659536743,,24,7,199,79,1855
6962181067,05/12/2016,3587,2.369999886,2.369999886,,,0.25,2.19999896,,,8,15,127,928
7007744171,04/12/2016,14172,1.289999962,9.479999542,4.869782925,4.5,0.379999995,5.499998474,,53,8,355,124,2937
7007744171,4/13/2016,12862,9.649999619,8.638146973,4.851369153,4.611335144,0.562384186,4.48197349,,56,22,261,111,2742
7007744171,4/14/2016,11179,8.239999771,7.48197349,3.285414934,2.954768372,0.343576279,4.963814697,,34,6,34,196,2668
7007744171,4/15/2016,5273,3.529999971,3.529999971,,,,3.529999971,,,,22,1238,298
7007744171,4/16/2016,4631,3.999999463,3.999999463,,,,3.999999463,,,,23,1155,276
7007744171,4/17/2016,859,5.389999866,5.389999866,,,,5.389999866,,,,35,1135,2383
7007744171,4/18/2016,14816,1.979999542,9.999998474,4.935598419,3.789999962,2.119999886,5.51973486,0.199999996,48,31,284,177,2832
7007744171,4/19/2016,14194,1.479999542,9.5,4.942142974,4.499998474,0.759999995,5.399999428,,53,17,34,166,2812
7007744171,4/20/2016,15566,11.31419617,1.499998474,4.924849271,4.789999962,0.671668931,5.861335144,,6,33,347,1,396
7007744171,4/21/2016,13744,9.189999584,9.189999584,,2.159536743,1.87476837,5.177629395,,3,34,327,149,2763
7007744171,4/22/2016,15299,1.239999771,1.239999771,,4.999999463,1.759999995,4.369999886,,64,5,261,165,2889
7007744171,4/23/2016,893,5.499998474,5.499998474,,0.129999995,1.129999995,4.159536743,,2,25,223,119,2284
7007744171,4/24/2016,1185,7.427629395,7.427629395,,,,7.427629395,,,,419,121,2667
7007744171,4/25/2016,18229,13.34152588,12.19999989,4.861792876,4.399999428,1.37476837,7.677629395,,51,24,379,986,355
7007744171,4/26/2016,159,1.13814697,1.13814697,,0.937152557,0.939999998,8.229999542,,16,22,424,978,2939
7007744171,4/27/2016,13541,1.22267288,9.641961669,4.885648584,4.269999989,0.662622644,5.289999962,,5,12,337,141,283
7007744171,4/28/2016,15128,1.119999886,1.119999886,,1.9333786,0.769999989,8.262288818,,16,16,41,17,2836
7007744171,4/29/2016,267,14.3197349,13.42762939,4.911146164,4.399999428,2.499999523,7.949999893,,55,42,382,961,318
7007744171,4/30/2016,3761,2.519999989,2.519999989,,,,2.519999989,,,,2,124,251
7007744171,05/01/2016,56,3.75,3.75,,,,3.75,,,,237,1142,2225
7007744171,05/02/2016,1341,9.183517578,8.722672881,2.832325935,4.639999866,0.699999989,3.829999924,,64,14,25,1112,2642
7007744171,05/03/2016,1451,1.869999886,9.713814697,4.912367827,4.48197349,1.199999893,5.361335144,,58,31,33,121,2976
7007744171,05/04/2016,,,,,,,,,,,,144,1557
7007744171,05/05/2016,151,11.13814697,1.399999619,4.878232226,4.329999924,1.289999962,5.48197349,,53,23,317,147,2933
7007744171,05/06/2016,11459,7.677629395,7.677629395,,3,0.812384186,3.859999896,,44,13,247,1136,2553
7007744171,05/07/2016,,,,,,,,,,,,111,12
7086361926,04/12/2016,11317,8.499998474,8.499998474,,5.269999989,0.15596464,2.97286123,,59,6,153,745,2772
7086361926,4/13/2016,5813,3.619999886,3.619999886,,0.562384186,0.299999934,2.839999914,,31,26,155,744,2516
7086361926,4/14/2016,9123,6.119999886,6.119999886,,2.299999714,0.331311322,3.66858369,,35,32,189,787,2734
7086361926,4/15/2016,8585,5.677629395,5.677629395,,2.399999619,1.11143511,2.529999971,,3,21,139,864,2395
7086361926,4/16/2016,31,0.999999978,0.999999978,,,,0.999999978,,,,3,1437,1635
7086361926,4/17/2016,,,,,,,,,,,,144,1629
7086361926,4/18/2016,9827,6.713814697,6.713814697,,3.177629395,1.22286123,2.399999428,,61,51,114,1136,2743
7086361926,4/19/2016,1688,7.289999962,7.289999962,,3.529999971,1.23197349,2.599999946,,67,69,124,671,2944
7086361926,4/20/2016,14365,1.643433228,1.643433228,,7.639999866,0.449999989,2.539999962,,87,13,145,797,2997
7086361926,4/21/2016,9469,6.179999828,6.179999828,,1.36143511,0.31192929,4.512288818,,19,6,26,758,2463
7086361926,4/22/2016,9753,6.53298834,6.53298834,,2.869999886,0.972861229,2.677629395,,58,59,153,762,2846
7086361926,4/23/2016,2817,1.899999428,1.899999428,,,,1.799999952,,,,9,135,1965
7086361926,4/24/2016,352,2.16858369,2.16858369,,,,2.159536743,,,,125,566,249
7086361926,4/25/2016,191,6.821716614,6.821716614,,3.75,0.699999989,2.369999886,,69,39,129,76,2752
7086361926,4/26/2016,1387,7.717166138,7.717166138,,4.159999847,0.769999989,2.119999886,,7,33,132,726,2781
7086361926,4/27/2016,1117,8.341525879,8.341525879,,5.631144492,0.187152557,2.529999971,,55,6,145,829,2693
7086361926,4/28/2016,11584,7.81973486,7.81973486,,2.789999962,1.639999986,3.359999896,,54,48,161,81,2862
7086361926,4/29/2016,7881,4.949999893,4.949999893,,0.499536743,0.449999989,4,,24,36,182,1198,2616
7086361926,4/30/2016,1456,9.499998474,9.499998474,,3.119999886,1.399999619,5.239999771,,42,17,38,584,2995
7086361926,05/01/2016,1239,8.699996948,8.699996948,,2.299999952,0.899999976,4.849999946,,3,15,258,685,273
7086361926,05/02/2016,152,6.899999428,6.899999428,,3.48197349,0.662622644,2.66858369,,66,26,139,737,2754
7086361926,05/03/2016,1288,6.762288818,6.762288818,,2.74953674,0.852384186,3.16858369,,57,36,152,761,2754
7086361926,05/04/2016,1988,8.314196167,8.314196167,,5.28298834,0.119999997,2.99536743,,45,12,135,843,2655
7086361926,05/05/2016,8564,5.599999946,5.599999946,,1.779999971,0.829999983,2.954768372,,24,14,149,1253,2386
7086361926,05/06/2016,12461,8.381144492,8.381144492,,3.819999933,1.429999948,3.119999886,,84,35,154,834,2924
7086361926,05/07/2016,12827,8.479999542,8.479999542,,1.463814697,2.329999924,4.679999828,,2,42,29,621,2739
7086361926,05/08/2016,1677,7.999999463,7.999999463,,2.399999428,1.529999971,3.25,,32,27,147,695,2534
7086361926,05/09/2016,13566,9.199996567,9.199996567,,4.262288818,1.713814697,3.119999886,,67,5,171,743,296
7086361926,05/10/2016,14433,1.789999962,1.789999962,,7.111335144,1.24768372,2.454768372,,72,23,16,1182,28
7086361926,05/11/2016,9572,6.519999989,6.519999989,,2.89149417,1.389999986,2.23197349,,57,4,128,757,2735
7086361926,05/12/2016,3789,2.559999943,2.559999943,,0.379999995,0.271728836,1.889999986,,5,4,58,343,1199
8053475328,04/12/2016,186,14.11999989,14.11999989,,11.64343323,0.389999986,2.999999463,,116,8,123,1193,3186
8053475328,4/13/2016,16433,13.3538147,13.3538147,,1.43351758,0.469999999,2.454768372,,95,12,156,1177,314
8053475328,4/14/2016,2159,15.97267288,15.97267288,,12.34152588,0.299999934,3.359999896,,119,5,193,1123,3411
8053475328,4/15/2016,2669,16.23999977,16.23999977,,13.26228882,0.389999986,2.589999914,,132,8,158,1142,341
8053475328,4/16/2016,14549,11.19999657,11.19999657,,9.359999657,0.271728836,1.49953674,,96,6,83,1255,2867
8053475328,4/17/2016,18827,13.68999958,13.68999958,,9.239999771,0.81192928,3.64149417,,111,21,195,1113,3213
8053475328,4/18/2016,1776,12.65999985,12.65999985,,9.799999238,0.234172325,3.349999946,,12,6,195,1137,3133
8053475328,4/19/2016,15929,12.47999954,12.47999954,,9.222672881,0.312384186,2.954768372,,9,7,191,1152,3114
8053475328,4/20/2016,1518,12.18999958,12.18999958,,9.579999924,0.234172325,2.381144492,,89,5,158,695,343
8053475328,4/21/2016,1657,12.51228882,12.51228882,,9.677629395,0.25,2.579999924,,1,6,17,1164,313
8053475328,4/22/2016,152,8.289999962,8.289999962,,6.262288818,0.15596464,1.879999995,,6,3,117,126,2655
8053475328,4/23/2016,22359,17.19534576,17.19534576,,12.53999996,0.629999995,4.199999893,,125,14,223,741,3554
8053475328,4/24/2016,22988,17.9576294,17.9576294,,13.13114449,1.549999952,3.259999995,,129,33,182,196,3577
8053475328,4/25/2016,25,15.68999958,15.68999958,,11.36999989,0.46834465,3.859999896,,118,9,29,114,343
8053475328,4/26/2016,12685,9.619999886,9.619999886,,6.399999428,0.2298232,3.999999463,,68,5,185,1182,2846
8053475328,4/27/2016,12422,9.819999695,9.819999695,,6.463814697,0.437152557,2.93667572,,6,1,183,1187,2852
8053475328,4/28/2016,15447,12.39999962,12.39999962,,9.677629395,0.389999986,2.349999946,,9,9,153,1188,362
8053475328,4/29/2016,12315,9.649999619,9.649999619,,6.177629395,0.312384186,3.177629395,,58,8,159,1215,2794
8053475328,4/30/2016,7135,5.591525879,5.591525879,,2.99953674,0.599999987,2.539999962,,27,1,131,1281,248
8053475328,05/01/2016,117,0.852384186,0.852384186,,,,0.852384186,,,,51,1389,1886
8053475328,05/02/2016,1969,1.429999948,1.429999948,,,,1.429999948,,,,95,1345,1988
8053475328,05/03/2016,15484,11.89999962,11.89999962,,8.393433228,0.937152557,2.589999914,,87,22,165,1166,323
8053475328,05/04/2016,14581,11.14999962,11.14999962,,8.819999695,0.4596464,1.999999666,,89,8,123,122,2918
8053475328,05/05/2016,1499,11.51228882,11.51228882,,8.853814697,0.449999989,2.213814697,,93,9,13,128,295
8053475328,05/06/2016,13953,11,11,,9.138146973,0.689999998,1.213814697,,9,15,9,1245,2859
8053475328,05/07/2016,19769,15.67762939,15.67762939,,12.43999958,0.879999995,2.349999946,,121,2,148,176,3331
8053475328,05/08/2016,2226,17.64999962,17.64999962,,13.39999962,0.589999974,3.66858369,,125,14,228,173,3589
8053475328,05/09/2016,12465,9.381144492,9.381144492,,6.119999886,0.569999993,2.69572246,,66,12,148,1214,2765
8053475328,05/10/2016,1481,11.35999966,11.35999966,,9.915258789,0.419999987,1.852384186,,96,1,115,1219,2926
8053475328,05/11/2016,1229,9.399999619,9.399999619,,6.799999238,0.28119293,3.399999619,,6,7,184,1189,289
8053475328,05/12/2016,4998,3.91858369,3.91858369,,2.954768372,0.2298232,0.759999995,,28,4,39,839,155
8253242879,04/12/2016,933,7.159999847,7.159999847,,5.429999828,0.1459646,1.59333786,,4,2,154,1244,244
8253242879,4/13/2016,853,6.999999463,6.999999463,,4.177629395,0.629999995,1.399999428,,35,11,96,1298,1935
8253242879,4/14/2016,5234,3.463814697,3.463814697,,1.929999948,0.999536743,0.542145767,,29,16,33,1362,175
8253242879,4/15/2016,2672,1.769999989,1.769999989,,,,1.759999995,,,,15,1335,1632
8253242879,4/16/2016,9256,6.139999866,6.139999866,,0.437152557,3.269999989,2.454768372,,6,51,115,1268,188
8253242879,4/17/2016,124,7.999998474,7.999998474,,5.429999828,0.15596464,2.329999924,,41,5,157,1237,2112
8253242879,4/18/2016,5151,3.48197349,3.48197349,,1.399999619,0.629999995,1.799999952,,16,16,13,1278,1829
8253242879,4/19/2016,4212,2.779999971,2.779999971,,,,2.779999971,,,,164,1276,1763
8253242879,4/20/2016,6466,4.269999989,4.269999989,,0.331311322,0.819999993,3.19999896,0.999999978,5,18,216,121,1931
8253242879,4/21/2016,11268,8.564196167,8.564196167,,5.881144492,0.937152557,1.75,,49,2,172,1199,2218
8253242879,4/22/2016,2824,1.87476837,1.87476837,,,,1.87476837,,,,12,132,1651
8253242879,4/23/2016,9282,6.262288818,6.262288818,,2.899999142,1.399999619,3.131144492,,3,26,191,1193,2132
8253242879,4/24/2016,895,7.131144492,7.131144492,,5.599999946,0.189999998,1.34333786,,41,4,82,1313,1976
8253242879,4/25/2016,6829,4.512288818,4.512288818,,0.361435115,2.39149417,1.769999989,,7,54,118,1261,199
8253242879,4/26/2016,4562,3.399999619,3.399999619,,1.179999948,0.499536743,1.37476837,,19,14,18,1299,1813
8253242879,4/27/2016,1232,8.183517578,8.183517578,,6.239999771,0.234172325,1.74768372,,45,5,14,1286,28
8253242879,4/28/2016,2718,1.799999952,1.799999952,,0.671668931,0.779999971,0.343576279,,11,16,2,1393,158
8253242879,4/29/2016,626,4.262288818,4.262288818,,1.289999962,0.542145767,2.49536743,,16,14,136,1257,1854
8253242879,4/30/2016,,,,,,,,,,,,144,
8378563200,04/12/2016,7626,6.51973486,6.51973486,2.25381833,0.829999983,0.799999785,4.5,,65,15,156,723,3635
8378563200,4/13/2016,12386,9.819999695,9.819999695,2.921471119,4.963814697,0.649999976,4.213814697,,116,14,169,68,479
8378563200,4/14/2016,13318,1.564196166,1.564196166,2.25381833,5.619999886,1.299999714,3.91858369,,123,21,174,699,4163
8378563200,4/15/2016,14461,11.47267288,11.47267288,,4.999998474,1.149999976,5.499998474,,6,23,19,729,3666
8378563200,4/16/2016,1127,8.893433228,8.893433228,,5.369999886,1.7524529,2.44572246,,64,21,142,563,3363
8378563200,4/17/2016,2132,1.69572246,1.69572246,,,,1.69572246,,,,93,599,2572
8378563200,4/18/2016,1363,1.814196166,1.814196166,2.921471119,5.51973486,0.562384186,5.199999893,,117,1,174,72,4157
8378563200,4/19/2016,137,1.359999657,1.359999657,2.25381833,5.31973486,0.879999995,4.179999828,,12,19,154,737,492
8378563200,4/20/2016,9388,7.44572246,7.44572246,2.921471119,2.23197349,0.439999998,4.78298834,,82,8,169,763,3787
8378563200,4/21/2016,15148,12.12288818,12.12288818,2.25381833,6.99536743,0.819999993,4.289999962,,137,16,145,677,4236
8378563200,4/22/2016,122,9.677629395,9.677629395,2.921471119,4.999998474,0.589999974,4.179999828,,113,12,159,769,444
8378563200,4/23/2016,579,4.53298834,4.53298834,,1.519999989,0.519999989,2.48197349,,19,1,136,74,298
8378563200,4/24/2016,373,2.94572246,2.94572246,,,,2.94572246,,,,135,734,2741
8378563200,4/25/2016,1245,9.841525879,9.841525879,2.921471119,5.51973486,0.874768372,3.927629395,,117,16,141,692,45
8378563200,4/26/2016,1628,12.8538147,12.8538147,,7.512288818,0.921668931,4.427629395,,9,18,161,593,3763
8378563200,4/27/2016,7359,5.841525879,5.841525879,,0.331311322,0.187152557,5.329999924,,4,4,192,676,361
8378563200,4/28/2016,5417,4.31973486,4.31973486,,0.899999976,0.499536743,2.91858369,,11,1,139,711,2884
8378563200,4/29/2016,6175,4.99536743,4.99536743,,0.25,0.361435115,4.269999989,,3,7,172,767,2982
8378563200,4/30/2016,2946,2.339999914,2.339999914,,,,2.339999914,,,,121,78,266
8378563200,05/01/2016,11419,9.641961669,9.641961669,,6.3298834,0.562384186,2.47286123,,71,1,127,669,3369
8378563200,05/02/2016,664,4.899999428,4.899999428,2.921471119,0.629999995,0.171788139,4.122888184,,63,4,142,82,3491
8378563200,05/03/2016,8712,6.999998474,6.999998474,2.25381833,1.34333786,1.599999428,4.5,,71,2,195,822,3784
8378563200,05/04/2016,7875,6.239999771,6.239999771,,1.559999943,0.499536743,4.199999893,,19,1,167,68,311
8378563200,05/05/2016,8567,6.789999962,6.789999962,2.25381833,0.889999986,0.159999996,5.739999771,,66,3,214,764,3783
8378563200,05/06/2016,745,5.591525879,5.591525879,2.921471119,1.549999952,0.25,3.779999971,,74,5,166,831,3644
8378563200,05/07/2016,4468,3.539999962,3.539999962,,,,3.539999962,,,,158,851,2799
8378563200,05/08/2016,2943,2.329999924,2.329999924,,,,2.329999924,,,,139,621,2685
8378563200,05/09/2016,8382,6.659536743,6.659536743,2.921471119,1.269999989,0.662622644,4.719999792,,71,13,171,772,3721
8378563200,05/10/2016,6582,5.219999792,5.219999792,2.25381833,0.662622644,0.639999986,3.927629395,,63,13,152,84,3586
8378563200,05/11/2016,9143,7.25,7.25,2.921471119,1.389999986,0.589999974,5.269999989,,72,1,184,763,3788
8378563200,05/12/2016,4561,3.619999886,3.619999886,,0.649999976,0.271728836,2.69572246,,8,6,12,433,1976
8583815059,04/12/2016,514,3.91858369,3.91858369,,,0.331311322,3.579999924,,,7,196,1237,265
8583815059,4/13/2016,5571,4.349999946,4.349999946,,0.15596464,0.972861229,3.23197349,,2,23,163,1252,2654
8583815059,4/14/2016,3135,2.454768372,2.454768372,,,,2.43667572,,,,134,136,2443
8583815059,4/15/2016,343,2.68667572,2.68667572,,,,0.899999976,,,,65,1375,255
8583815059,4/16/2016,5319,4.159536743,4.159536743,,,,,,,,,144,2693
8583815059,4/17/2016,38,2.349999946,2.349999946,,,,,,,,,144,2439
8583815059,4/18/2016,3864,3.999999463,3.999999463,,0.312384186,1.599999428,1.352384186,,4,22,15,139,2536
8583815059,4/19/2016,5697,4.44572246,4.44572246,,0.529999971,0.479999989,3.44572246,,7,1,166,1257,2668
8583815059,4/20/2016,5273,4.111335144,4.111335144,,,1.399999619,3.699999332,,,27,167,1246,2647
8583815059,4/21/2016,8538,6.659999847,6.659999847,,2.631144492,1.199999893,3.999999463,,35,18,158,1229,2883
8583815059,4/22/2016,8687,6.78298834,6.78298834,,0.289999992,2.41858369,4.799999238,,4,54,212,117,2944
8583815059,4/23/2016,9423,7.349999946,7.349999946,,0.529999971,2.299999714,4.75,,7,44,238,1151,312
8583815059,4/24/2016,8286,6.463814697,6.463814697,,0.15596464,2.499999523,4.269999989,,2,44,26,1188,2889
8583815059,4/25/2016,453,3.599999946,3.599999946,,1.47286123,0.239999995,1.899999428,,18,6,122,1294,2547
8583815059,4/26/2016,1499,8.189999584,8.189999584,,0.7298232,4.219999792,3.89149417,,1,91,214,1134,393
8583815059,4/27/2016,12474,9.729999542,9.729999542,,6.599999946,0.271728836,2.869999886,,77,5,129,1229,3142
8583815059,4/28/2016,6174,4.821716614,4.821716614,,,1.24768372,3.69999896,,,28,23,129,2757
8583815059,4/29/2016,15168,11.82999992,11.82999992,,3.99536743,3,4.927629395,,46,67,258,169,3513
8583815059,4/30/2016,185,7.869999886,7.869999886,,0.15596464,1.279999971,6.429999828,,2,28,317,193,3164
8583815059,05/01/2016,4512,3.519999989,3.519999989,,0.779999971,0.119999997,2.399999619,,1,2,117,1311,2596
8583815059,05/02/2016,8469,6.611335144,6.611335144,,,,,,,,,144,2894
8583815059,05/03/2016,1215,9.369999886,9.369999886,,,,,,,,,144,3212
8583815059,05/04/2016,3588,2.799999952,2.799999952,,,,,,,,,144,2516
8583815059,05/05/2016,12427,9.689999584,9.689999584,,,,1.179999948,,,,7,137,3266
8583815059,05/06/2016,5843,4.559999943,4.559999943,,0.1459646,1.19572246,3.23197349,,2,22,166,125,2683
8583815059,05/07/2016,6117,4.769999989,4.769999989,,,,4.769999989,,,,25,119,281
8583815059,05/08/2016,9217,7.19572246,7.19572246,,0.219999999,3.399999428,3.66858369,,3,72,182,1183,294
8583815059,05/09/2016,9877,7.699999893,7.699999893,,5.762288818,0.171788139,1.73197349,,66,4,11,126,2947
8583815059,05/10/2016,824,6.429999828,6.429999828,,0.689999998,2.999999463,3.72286123,,9,43,162,1226,2846
8583815059,05/11/2016,871,6.789999962,6.789999962,,0.374768372,3.24953674,3.177629395,,5,71,177,116,284
8583815059,05/12/2016,,,,,,,,,,,,144,
8792009665,04/12/2016,2564,1.639999986,1.639999986,,,,1.639999986,,,,116,831,244
8792009665,4/13/2016,132,0.839999974,0.839999974,,,,0.839999974,,,,82,86,1934
8792009665,4/14/2016,1219,0.779999971,0.779999971,,,,0.779999971,,,,84,853,1963
8792009665,4/15/2016,2483,1.59333786,1.59333786,,,,1.59333786,,,,126,937,29
8792009665,4/16/2016,244,0.159999996,0.159999996,,,,0.159999996,,,,12,1428,1721
8792009665,4/17/2016,,,,,,,,,,,,144,1688
8792009665,4/18/2016,,,,,,,,,,,,144,1688
8792009665,4/19/2016,,,,,,,,,,,,144,1688
8792009665,4/20/2016,3147,2.999999463,2.999999463,,,0.28119293,1.74953674,,,1,139,744,2188
8792009665,4/21/2016,144,0.935762787,0.935762787,,,,0.935762787,,,,9,1431,172
8792009665,4/22/2016,468,2.599999946,2.599999946,,0.5745581,0.28119293,2.269999989,,1,2,195,817,2419
8792009665,4/23/2016,5245,3.359999896,3.359999896,,0.159999996,0.439999998,2.75,,8,45,232,795,2748
8792009665,4/24/2016,4,0.259999995,0.259999995,,0.399999992,0.5745581,0.159999996,,3,8,19,141,1799
8792009665,4/25/2016,,,,,,,,,,,,144,1688
8792009665,4/26/2016,1321,0.852384186,0.852384186,,,,0.852384186,,,,8,136,1928
8792009665,4/27/2016,1758,1.129999995,1.129999995,,,,1.129999995,,,,112,9,267
8792009665,4/28/2016,6157,3.94572246,3.94572246,,,,3.94572246,,,,31,714,278
8792009665,4/29/2016,836,5.349999946,5.349999946,,0.1459646,0.28119293,4.929999828,,6,14,38,634,311
8792009665,4/30/2016,7174,4.591525879,4.591525879,,0.331311322,0.361435115,3.91858369,,1,2,31,749,2896
8792009665,05/01/2016,1619,1.399999619,1.399999619,,,,1.399999619,,,,79,834,1962
8792009665,05/02/2016,1831,1.169999958,1.169999958,,,,1.169999958,,,,11,916,215
8792009665,05/03/2016,2421,1.549999952,1.549999952,,,,1.549999952,,,,156,739,2297
8792009665,05/04/2016,2283,1.463814697,1.463814697,,,,1.463814697,,,,129,848,267
8792009665,05/05/2016,,,,,,,,,,,,144,1688
8792009665,05/06/2016,,,,,,,,,,,,144,1688
8792009665,05/07/2016,,,,,,,,,,,,144,1688
8792009665,05/08/2016,,,,,,,,,,,,144,1688
8792009665,05/09/2016,,,,,,,,,,,,144,1688
8792009665,05/10/2016,,,,,,,,,,,,48,57
8877689391,04/12/2016,23186,2.399999619,2.399999619,,12.22267288,0.343576279,7.821716614,,85,7,312,136,3921
8877689391,4/13/2016,15337,9.579999924,9.579999924,,3.549999952,0.379999995,5.639999866,,18,18,216,198,3566
8877689391,4/14/2016,21129,18.97999954,18.97999954,,1.55197349,0.589999974,7.75,0.199999996,68,13,298,161,3793
8877689391,4/15/2016,13422,7.177629395,7.177629395,,0.5745581,0.5745581,7.122888184,0.999999978,16,1,281,152,3934
8877689391,4/16/2016,29326,25.29915527,25.29915527,,13.23999977,1.213814697,1.7138147,,94,29,429,888,4547
8877689391,4/17/2016,15118,8.869999886,8.869999886,,,0.7298232,8.789999962,,58,15,37,16,3545
8877689391,4/18/2016,11423,8.677629395,8.677629395,,2.44572246,0.271728836,5.94572246,,29,5,191,1215,2761
8877689391,4/19/2016,18785,17.39999962,17.39999962,,12.14999962,0.187152557,5.3298834,,82,13,214,1131,3676
8877689391,4/20/2016,19948,18.11613516,18.11613516,,11.24577637,0.689999998,6.341525879,,73,19,225,1123,3679
8877689391,4/21/2016,19377,17.62839233,17.62839233,,12.28999996,0.419999987,4.889999866,,82,13,226,1119,3659
8877689391,4/22/2016,18258,16.39999466,16.39999466,,1.229999542,0.299999993,5.969999792,0.5745581,61,2,236,1141,3427
8877689391,4/23/2016,112,7.429999828,7.429999828,,,,7.49536743,0.999999978,12,6,3,132,3891
8877689391,4/24/2016,16674,15.73999977,15.73999977,,11.12288818,0.999999978,4.69572246,,64,1,227,1148,3455
8877689391,4/25/2016,12986,8.739999771,8.739999771,,2.369999886,0.7298232,6.269999989,0.999999978,113,8,218,111,382
8877689391,4/26/2016,1111,8.433517578,8.433517578,,1.759999995,0.129999995,6.5,,22,3,258,1157,286
8877689391,4/27/2016,23629,2.649999619,2.649999619,,13.69999695,0.439999998,7.999999463,,93,8,235,114,388
8877689391,4/28/2016,1489,11.3197349,11.3197349,,4.929999828,0.379999995,5.969999792,,58,8,231,1143,36
8877689391,4/29/2016,9733,7.389999866,7.389999866,,1.379999995,0.171788139,5.789999962,,18,5,21,127,2698
8877689391,4/30/2016,27745,26.71999931,26.71999931,,21.65999985,0.799999982,4.929999828,,124,4,223,189,4398
8877689391,05/01/2016,193,8.319999695,8.319999695,,3.131144492,0.569999993,4.571716614,,36,12,166,1226,2786
8877689391,05/02/2016,479,3.64149417,3.64149417,,,,3.559999943,,,,15,1335,2189
8877689391,05/03/2016,1818,8.213814697,8.213814697,,1.389999986,0.1149116,6.677629395,0.999999978,19,3,229,1189,2817
8877689391,05/04/2016,18193,16.29999924,16.29999924,,1.42762939,0.312384186,5.53298834,,66,8,212,1154,3477
8877689391,05/05/2016,1455,1.67762939,1.67762939,,5.463814697,0.819999993,4.369999886,,67,15,188,117,352
8877689391,05/06/2016,21727,19.34152588,19.34152588,,12.78999996,0.289999992,6.159999847,,96,17,232,195,415
8877689391,05/07/2016,12332,8.131144492,8.131144492,,0.799999982,0.959999979,6.989999771,,15,28,271,136,4142
8877689391,05/08/2016,1686,8.199996567,8.199996567,,1.84291534,0.2298232,6.81973486,,17,4,245,1174,2847
8877689391,05/09/2016,2226,18.25,18.25,,11.13814697,0.81192928,6.239999771,0.5745581,73,19,217,1131,371
8877689391,05/10/2016,1733,8.149999619,8.149999619,,1.352384186,0.46834465,6.28298834,,18,11,224,1187,2832
8877689391,05/11/2016,2142,19.55999947,19.55999947,,13.22267288,0.499999964,5.889999866,,88,12,213,1127,3832
8877689391,05/12/2016,864,6.119999886,6.119999886,,1.82524529,0.399999992,4.25,,23,1,137,77,1849
